Username,follower,following,City,Country,median_views,median_comments,average_views,average_comments,last_video_date,verified,top_hashtags,진행상황
theonlyhaven,1200000,77,Singapore,SG,17.6K,8.0,134.6K,32.0,2019-12-19,False,"rlholiday, poloralphlauren, rlholidaytree, ralphlauren, lancomesg, lancomepartner, idolefragrances, idolepower, idolebylancome, lorealpromysg, galaxys25ultra, withgalaxy, inoa!, decodethepastels, inoaloverssg",1
turquoise.dec,755000,122,Singapore,SG,117.8K,34.0,341.6K,153.0,2021-02-14,False,"yslbeauty, yslbeautysg, yslmakeup, ysltheinks",1
ttalgi.ellie,1373,726,Sarzana,Italy,932,5.0,4.3K,6.0,2024-02-07,False,"fyp, support, unbox, outfits, outfitinspo, hauls, outfit, purchase, ugc, styletips, unboxingvideo, fashion, styleinspo, fashiontiktok, vibes",0
srsaskin_,1439,890,Birmingham,GB,1.1K,19.0,2.7K,28.0,2024-02-03,False,"kbeauty, koreanskincare, teca, fyp, abib, abibholidaymoonglowbox, abib_global, holidaybox, holiday, holiday2024, beautybox, unboxing, skincarejourney, skincareroutine, kbeautyskincare",0
_anjello,949,681,Concord,US,389,24.0,529,27.0,2024-01-14,False,"skincare, capcut, kbeauty, koreanskincare, skintok, korean, fyp, pichyreview, gopicky, skincareroutine, pr, cream, antiaging, koreanskincareproducts, gifted",0
jf.skin24,896,841,Quezon city,PH,484,20.0,561,22.0,2024-01-24,False,"jfskindiary, kbeauty, skintok, koreanskincare, skincareroutine, skincare, review, medicube, medicubeambassador, yesstyle, yesstyleinfluencers, yesstylereview, claymask, glassskin, fully",0
cinthia_dosamples,1492,1716,San Pablo City,PH,424,9.0,780,11.0,2024-03-13,False,"creatorsearchinsights, beautycontentcreator, kbeauty, beautycommunity, ugc, skincare, newmakeup, unboxing, lipgloss, stylekorean, koreanmakeup, makeup, beauty, giftedby, stylekoreanpartner",0
lee.ly1012,5093,482,Valencia ,US,1.3K,2.0,2.5K,6.0,2023-10-10,False,"beauty, reviewbyleely, sephora, perfume, fragrance, ultabeauty, macys, yslbeautyus, newperfume, perfumereview, smellgood, smellgoodfeelgood, dailywear, sexyperfume, gorgeous",1
chloelouiseliveslife,5870,163,Gorleston,GB,1.3K,4.0,14.6K,24.0,2023-12-28,False,"superdrugpresents, superdrug, justgirlythings, superdrugpresentsevent, superdrugevent, makeupevent, primarkmakeup, primarkfinds, primarknewin, newinprimark, primarkshopping, primarkuk, homebargains, girlsgroupchat, girlygroupchat",1
melissahemmingsley,5752,441,Glasgow,GB,496,3.0,4.0K,5.0,2022-01-03,False,"tatemcrae, soclosetowhat, tatemcraetour, tatemcraeedits, tatemcraeconcert, misspossessivetour, relatable, transitioninspo, transitionideas, itsokimok, funny, boyfriend, minigolf, sabrinacarpenter, shortnsweet",1
skincare.ninja,135100,495,Los Angeles,US,5.6K,5.0,183.4K,9.0,2021-04-11,False,"supplements, supplementsthatwork, chiaseedwater, digestiveenzymes, probiotic, skinhealth, guthealthtiktok, gutcleanse, 15daygutcleanse, bloatedstomach",1
so.calmama,2336,387,San Marcos,US,406,1.0,4.7K,5.0,2021-01-27,False,"sandiego, fire, santaanawinds, borderfire, wildfire, otaymountain, engaged, proposal, isaidyes, kendricklamar, food, myshayla, grandnationaltour2025, sza, kendricklamarsza",0
kayskwa,34900,155,Melbourne,AU,3.0K,2.0,49.7K,18.0,2022-02-02,False,"movingabroad, livingabroad, internationalstudent, apartmenttour, melbourneapartment, melbournestudent, livingalonediaries, studyabroad, dininghalls, mcgilldininghall, mcgilluniversity, studentdiaries, leavinghome, travellife, dreamcity",0
jennasiee,46700,189,lemoore,US,9.3K,8.0,176.3K,111.0,2021-06-07,False,"valeriamarquez, traumahealing, gemini, goodluck, mexican, peruvian, help, acefamily, austinmcbroom, catherine, ragebait, spotify, festival, lameloball, antibullying",1
ugcxmichelle,866,209,Massapequa,US,448,11.0,532,12.0,2024-04-24,False,"ugcexample, ugccontent, ugccreator, usaugc, ugccommunity, petsnowy, litterbox, selfcleaninglitterbox, cat",0
autumnsaro,74700,916,Chicago,US,5.9K,33.0,17.4K,47.0,2022-08-11,False,"aesthetic, fyp, itgirl, pinterestinspo, morningroutine, thatgirl, danishpastel, girlythings, pinterestaesthetic, treehutpartner, treehut, treehutvanilla, rhode, whatsinmybag, emijay",1
tinaangelinaaa,21400,1215,New York ,US,388,2.0,2.1K,3.0,2020-01-10,False,"ugccreator, ugc, contentcreator, grwm, ugcexample, ugccontentcreator, makeuptutorial, ugccommunity, londonrecommendations, nailinspo, groceryhaul, skincareroutine, gymtok, pinterestaesthetic, vlog",1
life.w.lex4,6610,2590,Washington,US,588,4.0,883,5.0,2024-03-09,False,"ugc, fyp, ugccontentcreator, ugccommunity, ugccreator, contentcreator, capcut, smallcreator, ugcexample, girlytok, aesthetic, girlythings, ugccontent, lifestyle, creatorsearchinsights",0
jensnomz,1671,570,Mckinney,US,1.0K,2.0,4.3K,5.0,2024-04-05,False,"foodie, eating, foodreview, dallas, korean, costco, sushi, nogatekeeping, richardsontexas, chicagodogs, cheesefries, chickenbake, lifehack, jjajangmyeon, blackbeannoodles",1
mindfulugc,3098,291,Boca Raton,US,394,9.0,395,10.0,2023-09-21,False,"squarepad, tonerpads, skincarestarter, glowgamechanger, glasskin, bouncyglow, ultafinds, pr, contentcreatortips, passiveincome, brandingstrategy, socialmediasuccess, ugccreator, ugcquestions, ugctips",1
nooni.ugc,6047,877,Roseville,US,1.3K,5.0,19.7K,20.0,2023-12-29,False,"cafereview, foodie, sacramento, sac, sacramentoeats, asianinspiredcafe, bananamatcha, doublematcha, vietnamesecoffee, sacfinds, saceats, norcal, california, cafespot, tts",1
heyitsaliquinn,1099,166,East Northport ,US,454,5.0,454,5.0,2021-12-15,False,"makeupfavorites, lipproducts, drugstoremakeup, lipgloss, maybellineliftergloss, nyxmilkygloss, favoritemakeup, makeupproducts, rarebeauty, beautyfavorites, charlottetilbury, bestmakeup, makeuphaul, iliabeauty, makeup",1
pretty.squirrelss,23600,273,Staten Island,US,893,1.0,1.9K,2.0,2021-07-07,False,"kbeauty, koreanmakeup, tts, blush, lipcombo, tiktokmademebuyit, skincare, tiktokshop, koreanskincare, ttsfinds, tiktokshopfinds, pdrn, makeup, skincareroutine, glowingskin",0
danielaapryl,4522,289,Lauderdale Lakes,US,1.6K,11.0,4.0K,14.0,2020-08-16,False,"type4hair, fyp, naturalhair, shortnaturalhair, foryoupage, naturalhairstyles, washandgoroutine, washday, washandgo, scalpmassager, naturalhairdaily, curlyhairtutorial, protectivestyles, countdown, twa",1
grw.alii_,1324,457,Guimbal,PH,814,6.0,5.5K,7.0,2023-11-09,False,"makeupideas, grwm, makeup, beauty, lowcontrastmakeup, simplemakeup, naturalmakeup, nomakeupmakeup, glowymakeup, makeuptips",1
jilliangottlieb,359200,91,Asbury Park,US,13.9K,23.0,525.4K,65.0,2020-08-07,False,"skincare, contactdermatitis, allergies, rosacea, patchtesting, viral, viralvideos, patchtest, dermatitis, allergicskin, comewithme, skinhealth, skincaretips, skinedu, skinallergies",1
skinbykristin,507800,1168,Apollo beach,US,31.2K,57.0,101.0K,96.0,2020-06-29,False,"creatorsearchinsights, cleanwithme, antiaging, cleaningmotivation, antiagingtips, glowyskin, undereyebags, antiagingskincare, esthetician, estheticiantiktok, cleanwithmemotivation, musthaves, organizedhome, cleaningtiktok, greenscreen",1
lifewtamia,62800,225,Covington,US,2.4K,20.0,6.4K,41.0,2023-01-21,False,"preppy, preppytok, viral, xyzabc, foryou, preppyfyp, viralvideo, preppylifestyle, grwmroutine, preppyaesthetic, viraltiktok, preppyroutine, preppyroom, relatable, fyp",0
ft.angela,11200,433,Brooklyn,US,1.4K,2.0,1.5K,2.0,2021-04-27,False,"dailyvlog, yvr, studentlife, aritziahaul, aritzia, mcmasteruniversity, colorcustomizer, studyvlog, koreavlog, mcmasteruni, foreveryone, studywithme, yyz, dailyvlogs, fyp",1
pinaydora,1348,50,Fort Riley,US,919,3.0,1.2K,5.0,2024-01-25,False,"beautycommunity, beauty, beautycontentcreator, ugccommunity, ugc, ugccontentcreator, pr, rhode, hailey, haileybieber, contentcreator, discoverunder2k, beautytrends, beautytok, newtrend",1
yangmediary,1460,830,Liberty hill,US,292,4.0,375,4.0,2020-12-29,False,"fyp, beauty, skincare, kbeauty, foryoupage, makeup, skincareroutine, aesthetic, beautycommunity, foryou, beautyblog, viral, newtrend, girly, trending",0
beauty__bymegs,1230,654,Fairfield,US,429,17.0,485,17.0,2023-12-13,False,"aesthetic, skincare, sotd, fragrance, scentgasm, beauty, complimentary, cosrx, skincaregoals, acnetreatment, glowingskin, evenskintone, skincaretok, skincaretip, pickyreview",0
beautycloudlove,5824,116,Rosmalen,Netherlands,1.4K,1.0,4.3K,2.0,2022-04-24,False,"koreanskincare, makeuplover, marioblush, makeupbymario, blush, blushtutorial, toomuchblush, asmr, lipglosses, kbeauty, makeup, makeupobsession, makeupaddict, skincareroutines, koreanskincareproducts",0
psdiwan22,1747,380,Brandon,US,570,13.0,789,13.0,2021-06-11,False,"shein, saveinstyle, loveshein, sheinforall, hairgoals, sheinshops, shops, save, love, style, fashionbloggers, ootdstyle, sheintrends, sheinpartner, shopsmart",1
auraofmahmuda,3296,173,Moulvibazar ,Bangladesh,773,4.0,5.9K,7.0,2023-11-25,False,"skincare, fyp, kbeauty, skintok, skincareroutine, clearskin, acne, viral, foryou, koreanskincare, explore, beauty, skincareaddict, skincaretips, influencer",1
vickyoffishal,58700,83,Woodland Hills,US,1.1K,3.0,23.8K,17.0,2023-06-15,False,"kalogerassisters, ilookchopped, sundaykalogeras, imet, elianakalogeras, fyp, amossweets, gummypeelerz, candy, tiktokshopfinds, gummycandy, greeneyes, eyes, funny, gummys",1
__allaboutskincare__,180,82,Freeport,US,311,2.0,275,3.0,2024-02-17,False,"explore, tiktok, viral, kbeauty, douyinmakeup, cbeauty, koreanskincare, coquetteaesthetic, koreanmakeup, flowerknows, flowerknowsmakeup, fyp, foryoupage, relateablepost, coquettemakeup",0
klymi.na,24100,35,Ulaanbaatar city,Mongolia,10.6K,5.0,19.9K,9.0,2023-04-16,False,"mongolia, fyp, paris, kbeauty, friends, skincare, vlog, dralthea, acnescar, wintervibes, favourites, essential, dralthea345cream, acne, troubledskin",0
jeracoolio,5628,148,Mussafah Shabiya 10,United Arab Emirates,2.5K,9.0,21.7K,26.0,2023-12-18,False,"kbeauty, koreanmakeup, koreanskincare, koreanmakeupproducts, pinkmakeup, cushionfoundation, romand, liptint, makeup, lippiescollection, lippies, kbeautylippies, imjustagirl, makeupbag, makeupbagtour",0
razan.alani,724,4308,Carbondale,US,1.8K,24.0,1.8K,25.0,2023-11-21,False,"iraqi, foryou, ilovecats, arab, fyp, syrian",1
angelinajarboe,102800,282,North Las Vegas,US,9.6K,86.0,393.5K,119.0,2022-11-29,False,"affordableskincare, targetskincare, greenscreen, bestskincare, bestaffordableskincare, drugstoreskinscare, christmashaul, matureskincare, christmashauls, rhode, rhodelipshape, christmashauls2024, richkidchristmashaul, deinfluencing, matureskin",1
waves_for_dayzz,13700,276,Hot Springs,US,11.0K,1.0,12.7K,2.0,2021-11-26,False,"cppartner, colourpopme, colourpopcosmetics, hydratingsunscreen, hyaluronicacid, moisturizingspf, glowessentials, skincaretips, guerlain, youthwateryoilserum, pamperyourskin, noyzfragrance, myrosy, intimateperfume, dearhair",0
carmelk1,517,904,San Jose Del Monte,PH,223,2.0,223,2.0,2021-11-10,False,selflove????????..,1
ouibutnon,826,402,Plumas Lake,US,695,6.0,692,6.0,2023-10-20,False,"kbeauty, koreanskincare, kpop, blackswan, fatou, nvee, gabi, sriya, catandmouse, sacramento, kpinternationalmarket, liveperformance, fanmeeting, skincare, mixsoon",0
skincredibles,5102,317,Domaniewice,Poland,3.0K,26.0,12.2K,39.0,2024-02-02,False,"koreanskapielegnacja, kbeauty, koreanskincare, pielegnacjatwarzy, koreanskiekosmetyki, ulubiency, korenskincare, pielegnacjaskory, yesstyle, kbeautyskincare, kosmetyki, skincaretips, koreanskincareroutine, anua, skincare",0
jamesslushie,8052,1251,Indianapolis,US,352,1.0,7.4K,2.0,2022-11-22,False,"thehairlabambassador, kindnesskrew, waisttrainer, faja, gofrothyourself, skincare, labsquad, thehairlab, 48, soldejaniero, soldejaniero48, review, milkrx, skincarereview, fyp",0
_chicpick,1955,1449,Johnson City,US,382,16.0,2.2K,19.0,2022-12-12,False,"fyp, creatorsearchinsights, ugccontentcreator, kbeauty, skincare, skincareroutine, smallcontentcreator, koreanskincare, prpackage, prhaul, glowymakeup, kbeautyskincare, lippie, viral, skintok",1
aroundtheplanetandback,10100,1846,Miami,US,21.7K,2.0,24.5K,4.0,2022-03-22,False,"glassskin, perfumetok, fragrancereview, vtpartner, vtcosmetics, kbeauty, skincarelovers, roseparade, nettefragrance, nicheperfume, scentoftheday, fragrancelover, themakerparadiso, nichefragrance, luxuryscents",1
itsomalherself,3023,1821,Kaduna,Nigeria,224,2.0,282,3.0,2021-08-06,False,"pickyreview, gopicky, lattafa, perfume, skincareroutine, fragrance, perfumeaddict, perfumereview, fragrancelover, khadlaj, perfumelovers, skincare, perfumecollection, skincaretips, arabianperfumes",0
skincarenotes,726,178,Abuja,Nigeria,839,5.0,2.5K,9.0,2024-08-08,False,"fyp, explore, skincarecommunity, skincare, skintok, perfumes, skincarereview, skincareroutine, spf, fraghead, healthyskin, hyperpigmentation, viralvideos, fyppp, middleeasternperfumes",0
hannie.skin,4992,251,Rowlett,US,1.5K,5.0,6.4K,6.0,2023-08-15,False,"beautyblogger, skincareroutine, skintok, skincarecommunity, glowingskin, skincareproducts, skincareblogger, asmr, skincaregirlies, xiaohongshu, makeuptutorial, makeup, douyin, trends, fyp",0
skin_with_zee,254,193,Ilorin,Nigeria,597,7.0,883,9.0,2024-01-17,False,"skincare, skin, skincaretips, explore, ugccreator, hyperpigmentation, reels, niacinamide, sunscreen, kbeauty, skincarecommunity, reelsinstagram, koreanskincare, skincareproducts, 7daysglow",0
bel1amur,1279,1159,Los Angeles,US,829,9.0,1.6K,12.0,2022-06-21,False,"ugccreator, teamwork, ugc, popup, beauty, rarebeauty, selenagomez, rhode, ootd, reelsinstagram, explore, explorepage, rhodeskin, commense, commensereview",0
ksuuuushaxx,99900,83,Frankfurt am Main,Germany,8.2K,4.0,767.0K,51.0,2022-01-16,False,"koreanskincare, fyp, koreanskincareroutine, glassskin, fy, trending, viral, koreanskincareproducts, kbeauty, medicube, skintok, numbuzin, skincare, wrinkelcare, purpleskincare",0
ugc_emma9,965,681,Casablanca,Morocco,302,3.0,492,4.0,2024-02-04,False,"ugccontentcreator, collabs, yesstyleinfluencers, moroccan, kbeautymakeup, kbeautyskincare, kbeautyreview, kbeauty, moroccanugc, ???????????????, theview, restaurantlife, ainsbaa, casablanca????, ugcfoodcreator",0
loriebelle.ugc,2079,552,Kenitra,Morocco,407,5.0,3.5K,8.0,2023-06-27,False,"kbeauty, fypage, cushionfoundation, clio, cliokillcovermeshglowcushion, skincare, koreanskincare, kbeautyskincare, fyppppppppppppppppppppppp, skin1004, imfrom, yesstyleinfluencers, toner, ricetoner, spraytoner",1
ugcwithsahar,1121,325,Bacolod City,PH,475,9.0,1.1K,15.0,2024-02-09,False,"yesstyle, yesstylemorocco, yesstyleinfluencers, yesstylereview, morocco????, isntreexyesstyle, isntreexys, isntree, onion, onionnewpairgelcream, marocaine????, algeria, tunisia????, foryoupage, axis-y",1
lovinglynat,923,680,La Vista,US,662,6.0,797,9.0,2023-12-26,False,"kbeauty, lovinglynat, fyp, viral, fypシ, skincare, yesstyle, romand, koreanskincare, clio, makeup, beauty, dasique, etude, fypage",0
lindsaymae_,3369,1140,Fort Oglethorpe,US,800,44.0,2.3K,47.0,2023-07-29,False,"booktok, romantasy, fourthwing, fantasy, throneofglass, acotar, tog, quicksilver, ironflame, onyxstorm, books, bookrecommendations, serpentsandthewingsofnight, whethemoonhatched, lotr",0
natik4s,1867,2262,Chesapeake,US,354,4.0,517,4.0,2020-09-12,False,"ugc, ugccreator, beauty, makeup, gifted, skincare, mua, tiktokshop, ugccommunity, contentcreator, selfcare, sephora, reviewer, makeuplover, momlife",1
natik4s,1867,2262,Chesapeake,US,354,4.0,517,4.0,2020-09-12,False,"ugc, ugccreator, beauty, makeup, gifted, skincare, mua, tiktokshop, ugccommunity, contentcreator, selfcare, sephora, reviewer, makeuplover, momlife",1
natik4s,1867,2262,Manila,PH,354,4.0,517,4.0,2020-09-12,False,"ugc, ugccreator, beauty, makeup, gifted, skincare, mua, tiktokshop, ugccommunity, contentcreator, selfcare, sephora, reviewer, makeuplover, momlife",1
natik4s,1867,2262,Manila,PH,354,4.0,517,4.0,2020-09-12,False,"ugc, ugccreator, beauty, makeup, gifted, skincare, mua, tiktokshop, ugccommunity, contentcreator, selfcare, sephora, reviewer, makeuplover, momlife",1
natik4s,1867,2262,Chesapeake,US,354,4.0,517,4.0,2020-09-12,False,"ugc, ugccreator, beauty, makeup, gifted, skincare, mua, tiktokshop, ugccommunity, contentcreator, selfcare, sephora, reviewer, makeuplover, momlife",1
natik4s,1867,2262,Chesapeake,US,354,4.0,517,4.0,2020-09-12,False,"ugc, ugccreator, beauty, makeup, gifted, skincare, mua, tiktokshop, ugccommunity, contentcreator, selfcare, sephora, reviewer, makeuplover, momlife",1
natik4s,1867,2262,Manila,PH,354,4.0,517,4.0,2020-09-12,False,"ugc, ugccreator, beauty, makeup, gifted, skincare, mua, tiktokshop, ugccommunity, contentcreator, selfcare, sephora, reviewer, makeuplover, momlife",1
natik4s,1867,2262,Manila,PH,354,4.0,517,4.0,2020-09-12,False,"ugc, ugccreator, beauty, makeup, gifted, skincare, mua, tiktokshop, ugccommunity, contentcreator, selfcare, sephora, reviewer, makeuplover, momlife",1
natik4s,1867,2262,Chesapeake,US,354,4.0,517,4.0,2020-09-12,False,"ugc, ugccreator, beauty, makeup, gifted, skincare, mua, tiktokshop, ugccommunity, contentcreator, selfcare, sephora, reviewer, makeuplover, momlife",1
natik4s,1867,2262,Chesapeake,US,354,4.0,517,4.0,2020-09-12,False,"ugc, ugccreator, beauty, makeup, gifted, skincare, mua, tiktokshop, ugccommunity, contentcreator, selfcare, sephora, reviewer, makeuplover, momlife",1
natik4s,1867,2262,Manila,PH,354,4.0,517,4.0,2020-09-12,False,"ugc, ugccreator, beauty, makeup, gifted, skincare, mua, tiktokshop, ugccommunity, contentcreator, selfcare, sephora, reviewer, makeuplover, momlife",1
natik4s,1867,2262,Manila,PH,354,4.0,517,4.0,2020-09-12,False,"ugc, ugccreator, beauty, makeup, gifted, skincare, mua, tiktokshop, ugccommunity, contentcreator, selfcare, sephora, reviewer, makeuplover, momlife",1
natik4s,1867,2262,Chesapeake,US,354,4.0,517,4.0,2020-09-12,False,"ugc, ugccreator, beauty, makeup, gifted, skincare, mua, tiktokshop, ugccommunity, contentcreator, selfcare, sephora, reviewer, makeuplover, momlife",1
natik4s,1867,2262,Chesapeake,US,354,4.0,517,4.0,2020-09-12,False,"ugc, ugccreator, beauty, makeup, gifted, skincare, mua, tiktokshop, ugccommunity, contentcreator, selfcare, sephora, reviewer, makeuplover, momlife",1
natik4s,1867,2262,Manila,PH,354,4.0,517,4.0,2020-09-12,False,"ugc, ugccreator, beauty, makeup, gifted, skincare, mua, tiktokshop, ugccommunity, contentcreator, selfcare, sephora, reviewer, makeuplover, momlife",1
natik4s,1867,2262,Manila,PH,354,4.0,517,4.0,2020-09-12,False,"ugc, ugccreator, beauty, makeup, gifted, skincare, mua, tiktokshop, ugccommunity, contentcreator, selfcare, sephora, reviewer, makeuplover, momlife",1
reviews_by_bee,1032,316,Frisco,US,513,14.0,548,16.0,2024-03-26,False,"pickyreview, gopicky, pickyxwhipped, whipped, fyp, cuteskincare, sunlit, skincare, valentinesdaygift, valentinesday2025, happyvalentine, tiktokisback, beautytok, reddiamond, viralbeauty",1
hushhalohue,5478,804,Chicago,US,675,6.0,809,7.0,2025-02-28,False,"aesthetic, asmr, softgirl, makeup, contentcreator, ugc, content, beauty, fyp, fashion, gettingsomewhere, summer, aestheticedits, lipoil, everyday",1
britnorman_,21900,430,Wabush,CA,2.1K,3.0,2.1K,7.0,2022-08-07,False,"beauty, makeup, toddlermom, girlmom, pregnant, skincare, pregnancy, beautytok, momsoftiktok, pregnantlife, dermablend, dermablendcanada, 2ndtrimester, 3rdtrimester, momlife",0
lexlovesmakeup,1074,387,Fairgrove,US,357,6.0,3.3K,7.0,2022-01-20,False,"perfume, cleanpartner, fyp, myclean, fragrance, gifted, perfumelove, fypシ, fragrances, newinbeauty, trendingbeauty, whippedcherry, fragrancecommunity, perfumelover, ultabeauty",0
exquisiteexplorerig,1282,915,Scarborough,CA,675,3.0,597,5.0,2018-07-03,False,"koreanskincare, gopicky, giftedbyipsy, kbeauty, skincare, skincareblogger, pickyreview, skincareproducts, skincarejunkie, skincareaddict, skincareaddiction, skincareinfluencer, skincaregoals, skincarecommunity, skincareobsessed",0
yepmanythings,965,201,Eagle Mountain,US,315,7.0,461,7.0,2022-12-21,False,"tiktokbeauty, aesthetic, beauty, blogger, vlog, makeup, kbeauty, kpop, beautytips, koreanskincare, skincare, newtiktok, skincareroutine, healthyskin, tiktokmakeup",0
xo.lolaenriquez.xo,1374,853,Lasalle,CA,583,2.0,670,2.0,2024-04-14,False,"kbeauty, viral, heimish, allcleanbalm, cleansingbalm, heimisheyecream, marinecareeyecream, viralkbeauty, viralreels, koreanskincare, travelkit, abib, yesabib, acnejourney, abibcapsuleserum",0
westclau_,35900,60,Seoul,South Korea ,3.1K,5.0,112.9K,22.0,2022-10-01,False,"lipproducts, glossylips, lipgloss, revlon, lipstick, viralmakeup, blackcherry, naturallips, lowcost, liplover, wintervibes, blushtrend, blush, aztk, cbeauty",0
shannenbudihardjo,115,151,Jakarta Barat,Indonesia,493,0.0,644,0.0,2020-03-19,False,"foryou, dogsoftiktok, tiktokpuppies, puppy, petvlog, shibainu, aerierealpositivity, fyp, japantrip, tokyoarchitecture, japanesearchitecture, petlover, promlook, earthday, werkitfromhome",0
itsugcgirl,98,176,London,CA,149,2.0,329,2.0,2024-07-26,False,"ugc, makemeblush, blush, musthave, makeup, ysl, yslbeauty, sunscreen, shopicons, bubbleambassador, bubbleskincare, spf40sunscreen, gifted, pickyreview, gopicky",0
roselinni_,5224,357,Kissimmee,US,1.2K,6.0,3.9K,12.0,2023-11-26,False,"koreanskincare, fyp, kbeauty, skincare, skincareroutine, skintok, bodycare, skincare101, foryoupage, nongshim, nongshimusa, ramyun, foryou, fypシ, fypシ?viral",0
bebethssi,1318,101,BANDUNG,Indonesia,342,0.0,918,1.0,2020-04-17,False,"makeup, koreanbeauty, koreanskincare, foundation, cushion, basemakeup, diabetic, diabetestipo2, diabetes, diabetescheck, diabetesawareness, diabetesmellitus, diabetesmelitus, diabete, diabeticwarrior",0
h.annahyu,136,174,Philadelphia,US,442,1.0,607,2.0,2022-12-23,False,"skincare, kbeauty, beauty, wellness, ugccreator, skinhealth, skintok, guthealth, beautytips, beautytok, koreanskincare, selfcare, grwm, fyp, ugc",0
topnotchmarvellous,1701,2535,Canoga Park,US,296,0.0,380,2.0,2022-03-05,False,"makeupaddict, makeupoftheday, beautyinfluencer, explore, creativemakeup, explorepage, makeuptutorial, makeupartist, makeuplovers, glammakeup, makeuptutorials, dailymakeup, instabeauty, makeupjunkie, makeuptips",0
rawanalani4,14300,1447,San Diego,US,439,1.0,1.8K,3.0,2019-10-13,False,"muslimtiktok, muslim, ramdan, islamicreminder, ramdangiftsideas, ramdangift, 99namesofallahflashcards, creatorsearchinsights, 99namesofallah, makeup, hijabi, hijabifashion, hijabigirl, lipgloss, kbeauty",1
torilatise,61000,310,Angier ,US,4.6K,14.0,32.9K,60.0,2021-04-30,False,"alopecia, raleighnc, dubaichocolate, dubaichocolatelatte, oneskin, skinlongevity, scalpcare, getbacktoyourroots, oneskinpartner, betterworldfragrancehouse, summermink, fragrance, adulthood, lesinfusionsdeprada, giftedbypradabeauty",1
neetimathur0,139,670,Houston ,US,675,3.0,675,3.0,2021-10-13,False,"brownskinmakeup, brownskingirl, complimentinglips, maccosmetics, havaianaslivredecliches, browngirlfriendly, dewyfoundations, drugstore, laproconcealer, beccacosmetics, undereyecircles, undereyegame, makeupreviews, pepsiapplepiechallenge, makeuptutorial",1
etherealskinwithrinny,1176,655,Exeter,GB,6.6K,41.0,11.8K,41.0,2023-08-18,False,"kbeauty, contentcreator, beauty, skincare, skincareroutine, ugccreator, unboxing, asmr, haul, koreanskincare, girlythings, beautytok, ugc, haultok, blackfridaydeals",0
megnugs2,6309,218,Willetton,AU,1.6K,51.0,1.7K,46.0,2023-11-08,False,"kbeauty, makeup, fyp, pink, targetaudience, haul, girls, unboxing, cbeauty, viral, beauty, foryou, yesstyle, jbeauty, wonyoungism",0
addicted.to.skincare,27500,308,Brampton,CA,29.4K,13.0,167.4K,54.0,2023-06-21,False,"fyp, kbeauty, skincare, skintok, koreanskincare, skincaretips, skincare101, fypp, fyy, pmskincareroutine, serum, am, amskincare, anua, tiktokmademebuyit",1
s.beauty.makeup12,1005,211,Hatfield,GB,923,5.0,2.3K,6.0,2021-11-06,False,"rarebeauty, blush, makeup, rarebeautyblush, rarebeautymakeup, ad, rarebeautybyselenagomez, kbeauty, skincare, lipstick, gifted, lorealmakeup, mascara, anua, loreal",0
thiglossglow,186,291,Seattle,US,399,1.0,473,2.0,2023-12-14,False,"ugc, fyp, kbeauty, grwm, contentcreator, beautytips, vietnamese, koreanskincare, skincare, beauty, review, skincarenatural, summerfridays, softgirlaesthetic, pinkaesthetic",0
sydneychriistensen,7152,226,Copperopolis,US,840,4.0,5.8K,12.0,2023-08-07,False,"loveonthespectrum, abbeyanddavid, loveonthespectrumseason3, californiaallstars, blackops, cheerleadingworlds, makeup, grwm, beauty, lifestyle, vlog, makeuplook, skincare, empties, emptiesreview",1
adriannamg12,528,1738,Duke Center,US,405,4.0,1.1K,5.0,2020-09-12,False,"makeup, fyp, lipbalm, lipproducts, makeuplover, skincare, elfcosmetics, frecklemakeup, beauty, affordablemakeup, lipgloss, elflipbalm, lipstick, makeupcollection, makeupproducts",0
lovebirsu,2613,732,M?nchengladbach,Germany,1.2K,21.0,104.4K,34.0,2023-12-23,False,"fy, fyp, skincare, skintok, beauty, glassskin, kbeauty, brightening, selfcare, koreanglassskin, hyperpigmentation, numbuzin, glutathione, glowup, koreanskincare",0
yunalome,22400,1001,Toronto,CA,4.8K,7.0,17.2K,17.0,2021-11-18,False,"haircut, parents, korean, canadian, bob, greenscreen, greiving, love, creativeinspiration, dailyvlog, landscape, journeyoflife, comfortfood, greifjourney, vlogtiktok",1
dyknicx,1470,430,San Jose City,PH,495,13.0,729,14.0,2023-09-25,False,"kbeauty, recos, foryou, oliveyoungaffiliate, beautytok, yesstyleinfluencers, makeupph, lippies, glossylips, koreanskincare, fyp, koreanmakeup, skintok, cooltone, warmtone",0
cla.audia,3388,3616,Jackson Hts,US,393,1.0,4.6K,6.0,2020-01-10,False,"breakup, ex, healingjourney, healingprocess, healingtiktok, tatemcrae, itsokimok, beachvibes, beach, aries, pov, kbeauty, single, gifted, bluespirulina",0
kimberly.cat,357500,280,Rio Linda,US,34.9K,100.0,211.7K,225.0,2023-04-28,False,"thingstodo, asmrsounds, pinterestaesthetic, foryou, productivity, trending, cleanwithme, cleaningmotivation, pinterestinspo, thatgirl, softgirl, sundayreset, cleaningszn, cleantok, fyp",1
regina_ugc_,18000,649,Philadelphia,US,3.5K,16.0,30.3K,39.0,2024-01-06,False,"ugcvideo, ugccreator, ugcexample, productvideography, behindthescenes, ugccontentcreator, bts, whatiseewhatyousee, theprocessvstheresult, ugcusa, ugc, haircareroutine, gisou, gisouhairperfume, haircare",0
melii.mar_,2317,176,Miami,US,620,4.0,1.8K,5.0,2022-09-22,False,"navidad, regalosnavide?os, wingstop, wingstopranch, workoutroutine, nails, compras, mudanza, tendencias, regalosdenavidad, regalosorpresa, 2025, gisou, gisouhoneyglow, dise?odeu?asnavide?o",1
evesbeautylife,975,642,Gen?ve,Switzerland,387,1.0,1.1K,3.0,2024-03-21,False,"girltherapy, ugc, grwm, beautytips, beauty, skincare, selfcareproducts, ugccreators, girlssupportinggirls, microblog, makeup, girls, girlssupportgirls, microinfluncer, makeuptherapy",0
curly.qaya,1363,629,Johannesburg,South Africa,788,10.0,2.3K,13.0,2022-07-06,False,"curlswithqaya, southafricancontentcreator, curlyhair, beginnercurlyhair, curlyhairbeginner, creatorsearchinsights, fyp, architecturestudent, affordablehairproducts, curlyhairstyles, plussizefashion, mrpbethenext, bestcurlyhairproducts, mrpricefashion, architecturegraduate",0
Hikarifleurr,120300,211,Brooklyn,US,987,6.0,6.5K,11.0,2020-01-31,False,"nostalgia, y2k, brendasong, ad, girlygirl, plutotv, blackhistorymonth, whitechicks, blackmovies, girlythings, early2000s, disney, disneychannel, londontipton, girlyaesthetic",0
paolainatl,13200,2779,Norcross,US,1.3K,46.0,1.3K,47.0,2023-05-27,False,"makeup, aesthetic, unboxingvideo, unboxing, skincare, ipad, ipadair, ipadair5, appleipad, skincareroutine, stevemadden, aestheticshoes, hermesoran, dupes, skincaretips",1
ninislildiary,2591,1415,Winifred,US,1.5K,15.0,4.5K,27.0,2023-10-21,False,"ugc, influencer, contentcreator, ugccommunity, ugccreator, explore, ugcexample, ugccontent, socialmedia, reels, fyp, relatable, trend, viral, pr",1
xo.yokov,7011,549,Vadnais Heights,US,740,7.0,3.4K,8.0,2023-04-07,False,"capcut, easysummerhairstyles, easyhairstyle, summerhairstyle, flowerclawclip, summerhairinspo, ootd, outfitcheck, outfitideas, girlactivities, presentationnight, careertok, girlsnightin, girlsnightideas, blackdress",1
heyitsclarissaa,1349,473,San Francisco,US,669,3.0,2.1K,6.0,2021-04-09,False,"beautytok, sunglasseshack, fashiontiktok, makeuphacks, beautyhack, dezi, fyp, beautyhacks, makeuphack, retokfornature, smallspaceliving, mydolcemoment, amazonmusthaves, amazonhomefinds, apartmentupgrades",1
nakeziaa,131600,188,"Salford, Manchester",GB,623,1.0,924,1.0,2021-05-08,False,"contentcreator, contentcreation, yslloveshine, koreanskincare, fyp, relatable, kbeauty, abib, teca, motherdaughter, bestieduo, bestfriendsforever, jakartacafe, microinfluencerclub, roseskinco",0
teacuppuppycoco,22600,282,Panama City beach,US,15.1K,0.0,26.8K,1.0,2021-08-05,False,"provencebeautyglow, frenchskincare, snackwithfitcrunch, foodtok, healthydessert, provenceskincare, ad, snacktok, trufru, cheggcreator, smallstepsftw, grwm, sweettreat, skincare, dreampairs",1
strawberry_shalyn,6985,2318,Mocanaqua ,US,410,20.0,561,23.0,2020-05-25,False,"capcut, makeuplovers, memecut, makeupcollection, makeupcollector, memenatal, meme, beautylovers, couplesgoals, skincarelovers, kbeauty, walmartfinds, decluttering, organizewithme, declutter",0
sophie_bskin,1038,594,Abertillery,GB,534,13.0,827,14.0,2024-05-21,False,"crultyfreeskincare, veganskincare, naturalskincare, healthyskin, skincare, pr, skintok, skincare101",0
skinbykristin,507800,1168,Apollo beach,US,31.2K,57.0,101.0K,96.0,2020-06-29,False,"creatorsearchinsights, cleanwithme, antiaging, cleaningmotivation, antiagingtips, glowyskin, undereyebags, antiagingskincare, esthetician, estheticiantiktok, cleanwithmemotivation, musthaves, organizedhome, cleaningtiktok, greenscreen",1
thekimedit,900,298,Marrero,US,909,31.0,1.8K,31.0,2022-11-18,False,"kbeauty, koreanskincare, skincareroutine, skincareproducts, skincare, glowyskin, skintok, glassskin, glowingskin, healthyskin, purito, fyp, glowcream, makeup, beauty",0
im.gis3lle,1085,685,Valley Park,US,426,7.0,828,8.0,2023-02-16,False,"rhodeskin, fyp, rhode, peptideliptreatment, makeuplooks, tiktokban, tiktok, nofilter, nofiltermakeup, ugc, pickyreview, gopicky, pickyxdeardahlia, deardahlia, blush",0
im.gis3lle,1085,685,Valley Park,US,426,7.0,828,8.0,2023-02-16,False,"rhodeskin, fyp, rhode, peptideliptreatment, makeuplooks, tiktokban, tiktok, nofilter, nofiltermakeup, ugc, pickyreview, gopicky, pickyxdeardahlia, deardahlia, blush",0
im.gis3lle,1085,685,Valley Park,US,426,7.0,828,8.0,2023-02-16,False,"rhodeskin, fyp, rhode, peptideliptreatment, makeuplooks, tiktokban, tiktok, nofilter, nofiltermakeup, ugc, pickyreview, gopicky, pickyxdeardahlia, deardahlia, blush",0
im.gis3lle,1085,685,Valley Park,US,426,7.0,828,8.0,2023-02-16,False,"rhodeskin, fyp, rhode, peptideliptreatment, makeuplooks, tiktokban, tiktok, nofilter, nofiltermakeup, ugc, pickyreview, gopicky, pickyxdeardahlia, deardahlia, blush",0
im.gis3lle,1085,685,Granite Bay,US,426,7.0,828,8.0,2023-02-16,False,"rhodeskin, fyp, rhode, peptideliptreatment, makeuplooks, tiktokban, tiktok, nofilter, nofiltermakeup, ugc, pickyreview, gopicky, pickyxdeardahlia, deardahlia, blush",0
im.gis3lle,1085,685,Granite Bay,US,426,7.0,828,8.0,2023-02-16,False,"rhodeskin, fyp, rhode, peptideliptreatment, makeuplooks, tiktokban, tiktok, nofilter, nofiltermakeup, ugc, pickyreview, gopicky, pickyxdeardahlia, deardahlia, blush",0
im.gis3lle,1085,685,Granite Bay,US,426,7.0,828,8.0,2023-02-16,False,"rhodeskin, fyp, rhode, peptideliptreatment, makeuplooks, tiktokban, tiktok, nofilter, nofiltermakeup, ugc, pickyreview, gopicky, pickyxdeardahlia, deardahlia, blush",0
im.gis3lle,1085,685,Granite Bay,US,426,7.0,828,8.0,2023-02-16,False,"rhodeskin, fyp, rhode, peptideliptreatment, makeuplooks, tiktokban, tiktok, nofilter, nofiltermakeup, ugc, pickyreview, gopicky, pickyxdeardahlia, deardahlia, blush",0
im.gis3lle,1085,685,Valley Park,US,426,7.0,828,8.0,2023-02-16,False,"rhodeskin, fyp, rhode, peptideliptreatment, makeuplooks, tiktokban, tiktok, nofilter, nofiltermakeup, ugc, pickyreview, gopicky, pickyxdeardahlia, deardahlia, blush",0
im.gis3lle,1085,685,Valley Park,US,426,7.0,828,8.0,2023-02-16,False,"rhodeskin, fyp, rhode, peptideliptreatment, makeuplooks, tiktokban, tiktok, nofilter, nofiltermakeup, ugc, pickyreview, gopicky, pickyxdeardahlia, deardahlia, blush",0
im.gis3lle,1085,685,Valley Park,US,426,7.0,828,8.0,2023-02-16,False,"rhodeskin, fyp, rhode, peptideliptreatment, makeuplooks, tiktokban, tiktok, nofilter, nofiltermakeup, ugc, pickyreview, gopicky, pickyxdeardahlia, deardahlia, blush",0
im.gis3lle,1085,685,Valley Park,US,426,7.0,828,8.0,2023-02-16,False,"rhodeskin, fyp, rhode, peptideliptreatment, makeuplooks, tiktokban, tiktok, nofilter, nofiltermakeup, ugc, pickyreview, gopicky, pickyxdeardahlia, deardahlia, blush",0
im.gis3lle,1085,685,Granite Bay,US,426,7.0,828,8.0,2023-02-16,False,"rhodeskin, fyp, rhode, peptideliptreatment, makeuplooks, tiktokban, tiktok, nofilter, nofiltermakeup, ugc, pickyreview, gopicky, pickyxdeardahlia, deardahlia, blush",0
im.gis3lle,1085,685,Granite Bay,US,426,7.0,828,8.0,2023-02-16,False,"rhodeskin, fyp, rhode, peptideliptreatment, makeuplooks, tiktokban, tiktok, nofilter, nofiltermakeup, ugc, pickyreview, gopicky, pickyxdeardahlia, deardahlia, blush",0
im.gis3lle,1085,685,Granite Bay,US,426,7.0,828,8.0,2023-02-16,False,"rhodeskin, fyp, rhode, peptideliptreatment, makeuplooks, tiktokban, tiktok, nofilter, nofiltermakeup, ugc, pickyreview, gopicky, pickyxdeardahlia, deardahlia, blush",0
im.gis3lle,1085,685,Granite Bay,US,426,7.0,828,8.0,2023-02-16,False,"rhodeskin, fyp, rhode, peptideliptreatment, makeuplooks, tiktokban, tiktok, nofilter, nofiltermakeup, ugc, pickyreview, gopicky, pickyxdeardahlia, deardahlia, blush",0
im.gis3lle,1085,685,Valley Park,US,426,7.0,828,8.0,2023-02-16,False,"rhodeskin, fyp, rhode, peptideliptreatment, makeuplooks, tiktokban, tiktok, nofilter, nofiltermakeup, ugc, pickyreview, gopicky, pickyxdeardahlia, deardahlia, blush",0
im.gis3lle,1085,685,Valley Park,US,426,7.0,828,8.0,2023-02-16,False,"rhodeskin, fyp, rhode, peptideliptreatment, makeuplooks, tiktokban, tiktok, nofilter, nofiltermakeup, ugc, pickyreview, gopicky, pickyxdeardahlia, deardahlia, blush",0
im.gis3lle,1085,685,Valley Park,US,426,7.0,828,8.0,2023-02-16,False,"rhodeskin, fyp, rhode, peptideliptreatment, makeuplooks, tiktokban, tiktok, nofilter, nofiltermakeup, ugc, pickyreview, gopicky, pickyxdeardahlia, deardahlia, blush",0
im.gis3lle,1085,685,Valley Park,US,426,7.0,828,8.0,2023-02-16,False,"rhodeskin, fyp, rhode, peptideliptreatment, makeuplooks, tiktokban, tiktok, nofilter, nofiltermakeup, ugc, pickyreview, gopicky, pickyxdeardahlia, deardahlia, blush",0
im.gis3lle,1085,685,Granite Bay,US,426,7.0,828,8.0,2023-02-16,False,"rhodeskin, fyp, rhode, peptideliptreatment, makeuplooks, tiktokban, tiktok, nofilter, nofiltermakeup, ugc, pickyreview, gopicky, pickyxdeardahlia, deardahlia, blush",0
im.gis3lle,1085,685,Granite Bay,US,426,7.0,828,8.0,2023-02-16,False,"rhodeskin, fyp, rhode, peptideliptreatment, makeuplooks, tiktokban, tiktok, nofilter, nofiltermakeup, ugc, pickyreview, gopicky, pickyxdeardahlia, deardahlia, blush",0
im.gis3lle,1085,685,Granite Bay,US,426,7.0,828,8.0,2023-02-16,False,"rhodeskin, fyp, rhode, peptideliptreatment, makeuplooks, tiktokban, tiktok, nofilter, nofiltermakeup, ugc, pickyreview, gopicky, pickyxdeardahlia, deardahlia, blush",0
im.gis3lle,1085,685,Granite Bay,US,426,7.0,828,8.0,2023-02-16,False,"rhodeskin, fyp, rhode, peptideliptreatment, makeuplooks, tiktokban, tiktok, nofilter, nofiltermakeup, ugc, pickyreview, gopicky, pickyxdeardahlia, deardahlia, blush",0
im.gis3lle,1085,685,Valley Park,US,426,7.0,828,8.0,2023-02-16,False,"rhodeskin, fyp, rhode, peptideliptreatment, makeuplooks, tiktokban, tiktok, nofilter, nofiltermakeup, ugc, pickyreview, gopicky, pickyxdeardahlia, deardahlia, blush",0
im.gis3lle,1085,685,Valley Park,US,426,7.0,828,8.0,2023-02-16,False,"rhodeskin, fyp, rhode, peptideliptreatment, makeuplooks, tiktokban, tiktok, nofilter, nofiltermakeup, ugc, pickyreview, gopicky, pickyxdeardahlia, deardahlia, blush",0
im.gis3lle,1085,685,Valley Park,US,426,7.0,828,8.0,2023-02-16,False,"rhodeskin, fyp, rhode, peptideliptreatment, makeuplooks, tiktokban, tiktok, nofilter, nofiltermakeup, ugc, pickyreview, gopicky, pickyxdeardahlia, deardahlia, blush",0
im.gis3lle,1085,685,Valley Park,US,426,7.0,828,8.0,2023-02-16,False,"rhodeskin, fyp, rhode, peptideliptreatment, makeuplooks, tiktokban, tiktok, nofilter, nofiltermakeup, ugc, pickyreview, gopicky, pickyxdeardahlia, deardahlia, blush",0
im.gis3lle,1085,685,Granite Bay,US,426,7.0,828,8.0,2023-02-16,False,"rhodeskin, fyp, rhode, peptideliptreatment, makeuplooks, tiktokban, tiktok, nofilter, nofiltermakeup, ugc, pickyreview, gopicky, pickyxdeardahlia, deardahlia, blush",0
im.gis3lle,1085,685,Granite Bay,US,426,7.0,828,8.0,2023-02-16,False,"rhodeskin, fyp, rhode, peptideliptreatment, makeuplooks, tiktokban, tiktok, nofilter, nofiltermakeup, ugc, pickyreview, gopicky, pickyxdeardahlia, deardahlia, blush",0
im.gis3lle,1085,685,Granite Bay,US,426,7.0,828,8.0,2023-02-16,False,"rhodeskin, fyp, rhode, peptideliptreatment, makeuplooks, tiktokban, tiktok, nofilter, nofiltermakeup, ugc, pickyreview, gopicky, pickyxdeardahlia, deardahlia, blush",0
im.gis3lle,1085,685,Granite Bay,US,426,7.0,828,8.0,2023-02-16,False,"rhodeskin, fyp, rhode, peptideliptreatment, makeuplooks, tiktokban, tiktok, nofilter, nofiltermakeup, ugc, pickyreview, gopicky, pickyxdeardahlia, deardahlia, blush",0
yt.jichelleirish,1167,2698,Tiaong,PH,317,2.0,650,3.0,2023-02-24,False,"fyp, fypage, provincelife, quezonprovince, ytjichelleirish, jinroph, hitejinroph, lifewithoutatrendingaudio, trend, foryou, tiktokviral, episode1, lifeintheprovince, slowliving, vlogseries",0
newa_supriya,576,159,Shawano,US,356,2.0,549,3.0,2019-11-19,False,"canoncamera, canong7x, camerag7xmarkiii, canonusa, canong7xunboxing, valentinesmakeup, fyp, valentinesday, prunboxing, latinamakeup, outfitinspo, snowstorm, capcut, makeuptrend",1
ugcwithb__,244,297,Hisar,India,47,2.0,70,2.0,2024-03-13,False,"kbeauty, explore, medicubeambassador, fyp, glassskin, medicube, viral, viralbeauty, wonyoungsim, sephora, ulta, trending, liptint, pinkmakeup, yesstyle",1
ugc_byivanna,1068,161,San Diego,US,531,14.0,937,14.0,2024-01-25,False,"ugccommunity, grwm, moodboard, ugccontentcreator, unrecognizablemakeup, makeup, wolfiecindy, cancunmexico, castoroil, detox, castoroilbenefit, guthealth, wellnesstips, naveloiling, justagirl",1
aeht.ugc,3115,135,Manila,PH,187,0.0,1.5K,1.0,2024-04-22,False,"fyp, viral, viraltiktok, trend, viralvideo, trending, trendingvideo, iphone, iphone15pro, apple, applestore, titanium, skincare, clearskin, jskin",0
honest_recs,647,228,Hopkinsville ,US,724,2.0,745,2.0,2023-11-17,False,"skincare, giftedbydrunkelephant, koreanskincare, vanleeuwenicecream, vanleeuwensweettreat, gifted, beautyofjoseon, trufru, skincarereviews, christmas, cfxdrunkelephant, complimentary, ad, kbeauty, giftedbysdj",1
by_ashmariee,1139,1218,Union,US,558,9.0,663,10.0,2024-01-08,False,"fyp, selfcare, selflove, dayinthelife, selfimprovement, girlythings, minivlog, skincare, skincareroutine, justagirl, fragrance, perfumereview, nailinspo, bodycare, nailjunkie",0
amirka08,267,144,Montreal ,CA,313,2.0,536,3.0,2023-09-03,False,"kbeauty, skincare, fyp, 2025, newyear, happynewyear, skincarefridge, kroutine, make, refri, minirefri, minirefrigeratorforskincare, retro, coral",0
chilibeauty1201,2112,117,Blanchard,US,652,2.0,953,3.0,2024-10-07,False,"skincare, makeup, maquillaje, kbeauty, farm, gloss, aesthetic, country, selfcare, grwm, farmhome, skincareroutine, korean, showerroutine, home",0
trxlyadria,1654,1119,Live Oak,US,483,29.0,521,31.0,2022-02-10,False,"fyp, kbeauty, makeup, koreanmakeup, fwee, skincare, koreanskincare, viral, glossylips, trend, lipcombo, makeuptok, beauty, yesstyle, yesstyleinfluencers",0
miralii.m,135,193,Leicester ,GB,933,2.0,2.3K,2.0,2023-06-11,False,"yjhd, explorepage, minivlog, minilunch, indiavlog, desi, desifashion, winter, kurti, dayout, slowfashion, girls, pinterestfashion, dayinmylife, dayinmylifevlog",0
beautyfanaticjenn,31,21,Brooklyn,US,2.4K,1.0,2.4K,1.0,2022-09-04,False,"asmrmakeup, makeuploversunite, velvetlipstick, lipstickswatches, maccosmetics, bzzagent, bzzagentcampaign, maclipsticks, lipsticklover, maccosmeticslipstick, creamylipstick, hydratinglipstick, hydratinglipstick",1
renlauskin,1070,203,MIAMI,US,295,1.0,315,1.0,2022-07-21,False,"kbeauty, koreanskincare, skincare, glassskin, skincareroutine, hwahae, reedleshot, centellian24, purito, numbuzin, pickyreview, gopicky, doublechin, sensitiveskin, skintok",0
jelloskinsecrets,1467,961,King City,CA,575,17.0,854,18.0,2024-01-03,False,"koreanskincare, skincarecommunity, kbeauty, glassskin, anua, skintok, anuaambassador, skincareroutine, soothingserum, panthenol, yesstyle, kskincare, skincare, medicube, medicubeambassador",0
glowological,1069,619,South Bend,US,329,3.0,595,3.0,2023-06-05,False,"skincareroutine, glowingskin, selfcare, glowup, skincareaddict, skincare, kbeauty, skincarecommunity, beautyroutine, healthyskin, skincarejunkie, dewyskin, radiantskin, beautyessentials, hydratedskin",0
vera_kskincare,2730,969,Ravenstein,Netherlands,599,70.0,1.4K,74.0,2023-06-15,False,"koreanskincare, skincare, kskincare, kbeauty, capcut, skincareroutine, koreanskincareproducts, yesstyle, yesstyleinfluencers, glassskin, kskincareproducts, routine, anua, sensitiveskin, color",0
luv4ikeuuu,3179,763,Blackburn North,AU,1.7K,13.0,70.2K,40.0,2023-12-01,False,"fyp, relatable, hair, facialhair, hairygirl, ethnic, koreanskincare, abibambassador, abib, skincare, abibcrew, kbeauty, pr, skintok, microinfluencer",0
kat.iveth1,2469,999,Miami,US,468,12.0,666,15.0,2022-02-15,False,"beautysponges, powderpuffs, powderpuffmakeup, makeuptiktok, kativeth, makeup, beautyblendercleaning, beautyspongewashing, howtowashbeautyblender, skincare, makeupreview, skinproud, iamskinproud, walmartfinds, top5makeup",1
skinbyhelen,116000,616,Richmond Hill,CA,3.2K,6.0,194.8K,12.0,2021-03-22,False,"crybaby, popmart, blindbox, scam, yttp_partner, bodycareroutine, glowyskin, showerroutine, ad, costcofinds, starbucksmatcha, lavendermatcha, biodance, costcofindscanada, hairsalontiktok",0
skinwithe1,1162,972,Nairobi,Kenya,259,22.0,351,23.0,2023-03-31,False,"skincareroutine, kbeauty, koreanskincare, skincarecommunity, skincaretips, skincareaddict, skincareproducts, skincare101, skincare, ugc, beauty, skininfluencer, skincareviral, skincaremusthave, aesthetic",0
joselinastyle,1684,1531,Les trois ilets,France,509,38.0,695,39.0,2024-01-01,False,"kbeauty, koreanskincare, skincare, glassskin, beauty, skincaretips, koreanbeauty, glowyskin, skincareroutine, fyp, glow, makeup, yesstyleinfluencers, yesstyle, haircare",0
starfaceorganics,2308,273,Sun valley ,US,899,4.0,3.9K,6.0,2019-10-31,False,"lavibes, coffeeshop, placestogo, losangeleslife, coffeetalk, coffeeloversoftiktok, coffeespot, coffeetok, coffeebar, placestovisit, strawberrymatcha, coffeedate, matchalatte, coffeeshops, matchalover",1
ishmadiaries,3341,1268,Laguna,PH,397,4.0,3.9K,6.0,2023-05-24,False,"beautytok, myrae, glowfromwithin, vitamine, estained, heatsypeasy, estainedheatsypeasy, heatprotectant, heatprotection, hairspray, makeup, kbeauty, makeupaddict, fyp, medicube",0
stanskincare,511,136,Manila,PH,180,1.0,180,2.0,2021-04-29,False,"kbeauty, skincare, trymereviewme_somebymi, skincareroutine, kbeautyskincare, suisuisharewithme, acne, cleanser, acnefighter, soothing, skin, fypシ, calming, irritatedskin, beauty",1
itshazeldiaries,1945,723,Davao,PH,285,0.0,402,1.0,2020-08-23,False,"ootd, outfit, grwm, makeup, grwmmakeup, skincare, grwmroutine, outfitinspo, makeuplook, maybelline, contentcreator, noheatcurls, birthday, cafe, manifestation",0
skinwithclods,1450,1372,Coleraine,GB,376,7.0,745,8.0,2021-10-03,False,"revgen, makeuprevolution, blush, kbeauty, koreanskincare, kbeautyskincare, lorealistaruk, lorealparis, ad, oliveyoung, loreal, stylevana, koreanmakeup, skincare, lipoil",0
greyyychoi,4650,180,Oakville,CA,1.4K,2.0,18.1K,12.0,2020-11-12,False,"corporategirlies, corporatelife, adayinmylife, pov, fyp, toronto, rolex, rolexwatch, datejust, watches, luxurywatches, outfitinspo, fitcheck, outfits, businesscasual",0
heartz4pitii,13000,297,Elsloo,Netherlands,2.4K,34.0,157.8K,66.0,2023-03-10,False,"wonyoungism, selfcare, koreanskincare, glassskin, mixsoon, snailmucin, kbeautyaddict, kbeauty, skincareroutine, skintok, kbeautytok, veganskincare, mixsoonbeanessence, veganmucin, hydratedskin",1
mattrandon,1300000,509,Dubai,United Arab Emirates,57.1K,32.0,264.3K,77.0,2020-06-25,False,"skincaretiktok, skincareviral, beautytutorial, beautyhack, beautyroutine, skincarehacks, beautyreview, morningroutine, grwmroutine, comedyskit, comedytiktok, comedyvideos, womenpower, womenoftiktok, womanpower",1
melon_park,1300000,177,Cupertino,US,252.2K,91.0,491.0K,150.0,2020-05-02,False,"fyp, mukbang, koreanfood, food, foodie, friendsgiving, friendsgivingrecipes, thanksgiving, thanksgivingdinner, thanksgivingrecipes, eating, dancechallege, rawmarinatedcrab, rawcrab, koreanrawmarinatedcrab",1
_lilyis,420300,93,Irvine,US,114.7K,37.0,424.4K,106.0,2022-07-17,False,"kbeauty, kbeautyproducts, koreanskincaretiktok, koreanbeauty, skincareempties, koreanskincaretips, skincareforbeginners, kbeautyfinds, skincaretiktok, skincaretips, glassskin, skincareroutine, glowyskin, koreanstyles, skincareroutines",1
keytoglo,126,38,Toronto,CA,756,4.0,884,5.0,2024-03-15,False,"skincare, kbeauty, skin, fyp, morningskincareroutine, oilyskin, skincareroutine, morningroutine, koreanbeauty, makeup, skincaretiktok, skincare101, skincareviral, skintok, beauty",0
abbyrosemaureen,23500,332,Miami,US,875,4.0,4.6K,4.0,2021-08-11,False,"skincare, acne, skincareroutine, ad, dermaangel, dermaangelus, smartpicksforyouracne, acnepatch, invisibleacnepatch, acnecare, deepacnecare, porecare, darkspotcare, postacnecare, clearskinroutine",0
denitsab3auty,993,374,Sofia ,Bulgaria ,661,11.0,1.0K,12.0,2024-05-11,False,"fyp, skincare, koreanskincare, oddlysatisfying, skincareroutine, aesthetic, kbeauty, aesthetics, glassskin, contentcreator, anua, texture, glowingskin, beauty, aestheticvideos",0
lilac__05,1650,1588,Port Saint Lucie,US,367,21.0,6.9K,23.0,2024-01-29,False,"creatorsearchinsights, kbeauty, koreanskincare, kmakeup, exfoliateforlip, lips, lipexfoliator, liphealth, howtoexfoliatelips, lipbalmrecommendation, frudia, amazonkorea, stoppickinglip, liquidblush, yesstylemusthaves",0
dreamyglowyskin,306,45,Doral,US,555,1.0,591,1.0,2023-01-07,False,"kbeauty, skincare, koreanskincare, skincareroutine, gopicky, skincaretips, aesthetic, soft, pickyreview, skincare101, skincareproducts, koreanmakeup, aesthetics, skincareviral, kbeautymakeup",1
bethyful_kbeauty,1053,279,Kuching,MY,367,5.0,1.0K,5.0,2020-08-21,False,"kbeauty, koreanskincare, creatorsearchinsights, skincarerecommendations, arencia, acneproneskin, creatorsearchinsight, oilyskin, cleanser, arenciacleanser, mochicleanser, arenciamochicleanser, oilyskincareroutine, cleanserrecommendation, abib",0
maddysbeautytalk,446,238,Five Dock ,AU,442,4.0,757,5.0,2020-08-16,False,"meccabeauty, makeuptips, creatorsearchinsights, fyp, sephora, unboxing, newmakeup, mecca, lipblam, lipstick, makeup, viralmakeup, makeuptutorial, makeuphaul, clinique",0
lovemisomeskin,1163,1733,Singapore,SG,566,2.0,8.7K,3.0,2021-05-29,False,"partipost, sp, ad, kopitiamfoodhall, watsonssg, europacespotlesspowerchallenge, wykingcookware, cooklikeapro, nonstickperformance, effortlesscooking, btodoor, lockinv3, smartlocksg, homesecuritysg, harirayapromo",0
ugcwithkpm,1149,1136,Waltham,US,842,13.0,1.9K,13.0,2023-11-19,False,"kbeauty, skintok, koreanskincare, koreanbeauty, beautytok, koreanskin, glowingskin, viralskincare, ugccreator, beautybloggers, koreanskincareproducts, skinglow, beautycreator, koreanskincareroutine",1
betweendots,597,83,Szczecin,Poland,748,2.0,798,2.0,2020-04-16,False,"kbeauty, kskincare, 365skincare, skincareroutine, korea?skiekosmetyki, koreanskincare, kosmetyki, korejskakozmetika, productphotography, abcommunity, skinalgo, texturetuesday, 피부, koreancosmetic, kbeautyroutine",0
skincarewithxia_,1804,2129,Lannoy,France,521,6.0,636,6.0,2024-03-18,False,"kbeauty, skincare, yesstyle, stylevana, koreanskincare, kskincare, skincareroutine, glassskin, serum, stylevanadiscount, anua, yesstyleinfluencers, dryskin, combinationskin, oilyskin",0
skinhippie27,2525,3275,SAN PEDRO,PH,547,21.0,1.2K,27.0,2024-02-25,False,"kbeauty, koreanskincare, skincare, fyp, skincareroutine, sensitiveskin, medicube, tirtir, glassskin, stylekorean, mimumimu, pcalm, yesstyleinfluencers, porecare, centellian24",0
klea.sotiri,2655,54,Wolcott,US,2.4K,6.0,6.2K,7.0,2020-04-25,False,"fyp, albaniantiktok, fypシ, fyppppppppppppppppppppppp, albaniangirl, albania, foryoupage, viralvideo, albanian, barcelona, spain, foryou, valbona, miami, versacemansion",1
zahraxbeauty,324,237,St Catharines,CA,576,7.0,21.8K,9.0,2023-01-09,False,"creatorsearchinsights, fyp, skincareroutine, makeup, beautytok, makeupforbrownskin, skincaretips, lipcombo, makeuptok, makeupforbeginners, skincare, fallmakeup, transferproof, transferprooflipstick, trendinglipstick",0
katysayfi,1561,10,Santa Clara,US,1.1K,1.0,936,1.0,2023-04-19,False,"asmr, selfcare, skincare, showerroutine, nightroutine, morningroutine, beauty, koreanskincare, cleaningmotivation, showerrroutine, selfcarenight, asmrselfcare, packwithme, kbeauty, shower",0
sonuugrg_,1283,165,Basingstoke,GB,1.3K,2.0,3.9K,3.0,2020-12-31,False,"fyp, nepalitiktok, nepal, ugc, ugccreator, fypシ, skincare, haircare, hairtok, haircaretips, theordinary, glycolictoner, scalpcare, travel, nepali",0
anika_kozlova,39500,732,Copperas Cove,US,1.5K,2.0,125.2K,9.0,2023-01-29,False,"makeuphacks, eyemakeup, beautyhacks, beautyhack, eyeliner, makeuptutorial, beautyinfluencer, eyelinertutorial, makeup, eyemakeuptutorial, makeuphack, ugccreator, makeupfail, ugcbeauty, prommakeup",0
itstessjohnson,1257,456,Brecon,GB,418,2.0,1.0K,3.0,2019-09-28,False,"ad, beauty, skincareroutine, skincare, glowingskin, sharespectrum, spectrumcollections, glowup, makeup, charlottetilbury, magicbeautystars, unboxing, beautymusthave, grwm, spectrumbeautysuite",0
looksbyhiba,342,638,Toronto,CA,366,3.0,519,3.0,2020-04-12,False,"fyp, explore, contentcreator, reels, aesthetic, videooftheday, discoverunder10k, oddlysatisfying, glowingskin, trending, explorepage, makeuptutorial, reelsinstagram, charlottetilbury, cleangirlaesthetic",0
itsmelissaga,5317,477,Boston,US,3.3K,5.0,64.1K,15.0,2022-08-23,False,"patricktabeauty, patricktablush, patricktanewblush, toastedteddy, brownblush, patrickta, redblush, holidaymakeup, patricktanew, lipcombo, mauveblush, blushcomparison, cherrylips, blackcherry, rhodepocketblush",1
zoe.aesthetic.grw,1328,104,Coral Springs,US,677,1.0,2.3K,3.0,2024-06-16,False,"soldejaniero, sephora, summerscent, relatable, stitch, fypage, summer, skincare, starbucks, summervibes, pool, influencer, dream, prpackage, thingsilove",0
thedikshadiary,101,47,Stratford,CA,723,1.0,1.4K,1.0,2022-09-15,False,"punjabibride, wedding, indianbride, newlywed, pehlirasoi, unboxing, ipad, asmr, asmrvideo, asmrsounds, skincare, trending, foryoupage, skincareroutine, fitcheck",1
lifestylewithfatima,3217,1198,YUTZ,France,1.2K,5.0,25.4K,7.0,2024-01-11,False,"kbeauty, koreanskincare, skincareroutine, kbeautyroutine, glowingskin, glassskin, skincareaddict, unrecognizablemakeup, skincaretips, skincaretiktok, glowup, koreanbeauty, beautytips, healthyskin, haircareroutine",0
bosslady__carla,10900,4419,Stone Mountain,US,1.4K,73.0,9.6K,98.0,2021-11-30,False,"atlcontentcreator, atlcreator, contentcreator, healthcareworker, community, skincare, creatorsearchinsights, youthtothepeople, healthcare, content, dayinmylife, jeeplife, capcut, postthatcontent, beautycreator",1
thehydratedhunny,771,423,New York,US,492,1.0,1.2K,3.0,2020-05-19,False,"sezane, earcuff, earrings, earringcheck, earjewelry, jewelry, jewellery, stitch, viralfashion, fashionhacks, makeuptips, makeupswatches, makeup, skincareroutine, beautytok",1
brendasbeautyblog_,444,308,Anaheim,US,264,1.0,294,1.0,2019-09-06,False,"fyp, foryou, parati, prgifted, skincaretiktok, foryourpage, koreanskincare, contentcreator, ugccontentcreator, kbeauty, beautytok, paratii, skincare, ugccreator, glowup",0
curateandglow,1090,1081,Norwich,GB,378,1.0,875,1.0,2022-04-20,False,"skincare, skincareroutine, skincarerecommendations, skincarefaves, skincareproducts, glowyskin, skincarefavorites, makeup, skincaretips, skincaretiktok, skincareseries, spf, grwm, glowymakeup, fyp",0
nizvetsbeautydiaries,1087,2983,Orlando,US,359,1.0,614,2.0,2021-08-28,False,"capcut, nizvetsbeautydiaries, skincare, selfcare, sunscreen, lipbalm, spfisyourbff, glowingskin, skincarelover, lipsticklover, productreview, lipgloss, sunscreensunday, nizvetsskincarediaries, lipstick",1
hijabiskinfluencer,767,147,Edmonton,CA,422,2.0,2.8K,3.0,2021-12-08,False,"hijabiskinfluencer, koreanskincare, koreansunscreen, kbeauty, skincarereview, sunscreenreview, nowhitecastsunscreen, chemicalsunscreen, neopharm, spf50, skincareinfluencer, sunscreenrecommendation, summeressentials, affordablesunscreen, dermabsunblock",1
mottaskin,2445,273,los angeles,US,879,2.0,1.2K,3.0,2022-05-03,False,"mottaskin, cerave, moisturizelikeaderm, ceravepartner, skincareroutine, skincare, oilyskin, cliniquepartner, clinique3stepreset, clinique, skincareproducts, koreanskincare, losangeles, koreanskincarelosangeles, ad",1
zwonylen,45000,5390,Amora,Portugal,5.2K,34.0,46.5K,186.0,2023-11-11,False,"wonyoungism, pinkskincare, morningvlog, kbeauty, koreanskincare, pink, pinkcore, morninginmylife, kawaii, pinkkbeauty, wonyoungismvlog, nightroutine, koreanmakeup, pinkmakeup, pinkoutfit",1
stephaniienini,5156,1284,Arcadia,US,392,2.0,5.4K,11.0,2019-12-22,False,"frozen2, jacketcheck, sequins, bodypositivity, beautystandards, plasticsurgery, deinfluencing, labubus, kbeauty, asianbeautyblogger, ugccreator, greenscreen, liptryon, lipproductcheck, asiancontentcreator",0
glam._diaries,3097,2714,Fairview,US,689,52.0,1.1K,51.0,2023-11-26,False,"kbeauty, koreanskincare, glowyskin, hydratedskin, moisturizedlips, winteressentials, fyp, mcobeauty, viralskincare, hudabeauty, lipoil, skincare, pickyreview, gopicky, lips",0
sashask1n,1277,677,Baltezers,Latvia,658,27.0,1.4K,28.0,2023-12-08,False,"kbeauty, creatorsearchinsights, skincare, koreanskincare, anua, medicube, makeup, haircare, skinfluencer, jbeauty, mixsoon, skincarereview, glassskin, yesstyle, acne",0
ugc.by.zainab,1271,1720,Columbus,US,520,3.0,803,3.0,2023-10-27,False,"ugc, ugccommunity, ugcexample, ugcjourney, ugccontentcreator, ugctips, makeup, skincare, ponds, hydration, complimentary, abib, abibcollageneyecream, collageneyecream, wrinkles",0
dearkisha_,1058,409,Bowie,US,428,4.0,645,5.0,2021-03-19,False,"contentcreator, explorepage, explore, fyp, beauty, content, lifestyle, blackgirlmagic, sewingtutorial, grwm, minivlog, makeup, dayinthelife, morning, viral",1
nattylattie,511,572,Toronto,CA,493,5.0,595,23.0,2020-05-27,False,"fypage, justagirl, outfitinspo, fypツ, girlsproblems, fypシ?viral, gettingready, makeuptransitions, fypシ, makeuplooks??, makeupinspo, datenightoutfit, winteroutfitideas, girlproblem, makeupinspiration",1
liansloves,1299,893,Calgary,CA,358,2.0,4.3K,5.0,2023-09-20,False,"beautyadventcalendar, canada, beauty, sephora, christmas, advent, adventcalendar, christmastiktok, christmascountdown, sephoraadventcalendar, sephorahaul, sephoragiftlist, sephorasale, yyc, alberta",0
andie_sorto,1805,9996,Northridge,US,540,9.0,2.3K,10.0,2021-02-18,False,"latinabeautycreator, maybellinepartner, gifted, lipstickswatches, beauty, drugstoremakeup, lipswatches, superstayteddytint, blurredlips, teddytint, tint, drugstorelippies, nyxcosmetics, nyxprofessionalmakeup, lipstain",1
melinamujer,278,316,Opa Locka,US,380,1.0,484,1.0,2020-04-26,False,"makeup, beauty, momlife, mom, mama, mommy, baby, toy, momquarantine, mua, tiktok, saveinstyle, loveshein, trend, makeupartist",0
irisoyeon_,206,219,서울시,South Korea,455,2.0,2.3K,3.0,2023-11-04,False,"medicube, ager, glowbooster, glassskin, milkyskin, pearlskin, khloedevice, kardashiandevice, jellyskin, agerboosterpro, agerboosterh, boosterpro, medicubeambassador, skincaredevice, fyp",1
gemavm10,1236,2890,Ontario ,US,437,13.0,608,12.0,2021-08-13,False,"babyannouncement, babytok, latinamomsoftiktok, latinamoms, latinamom, babiesoftiktok, babybump, mamaoutfits, latinamomtok, fitcheck, fitchecks, mamabear, secondbaby, babyfever, babylove",0
gemavm10,1236,2890,Ontario ,US,437,13.0,608,12.0,2021-08-13,False,"babyannouncement, babytok, latinamomsoftiktok, latinamoms, latinamom, babiesoftiktok, babybump, mamaoutfits, latinamomtok, fitcheck, fitchecks, mamabear, secondbaby, babyfever, babylove",0
ugcbyjamie,10600,3806,Apalit,PH,1.7K,42.0,35.5K,62.0,2023-04-14,False,"ugc, ugccreator, haircare, hairtok, feelwhatsreal, herbalessences, couple, dateidea, aquariumdate, manilaoceanpark, relationship, dazzlemeph, dazzlemesunscreen, newgenerationuvfilter, sunscreenviral",1
ugcbyjamie,10600,3806,Apalit,PH,1.7K,42.0,35.5K,62.0,2023-04-14,False,"ugc, ugccreator, haircare, hairtok, feelwhatsreal, herbalessences, couple, dateidea, aquariumdate, manilaoceanpark, relationship, dazzlemeph, dazzlemesunscreen, newgenerationuvfilter, sunscreenviral",1
badblory,2351,974,villeurbanne,France,667,4.0,791,6.0,2021-01-11,False,"makeup, maquillage, foru, foryou, fyp, mua, pourtoi, parati, fypage, foryoupage, tropbelle, mkp, blue, makeupinspo, girl",0
badblory,2351,974,villeurbanne,France,667,4.0,791,6.0,2021-01-11,False,"makeup, maquillage, foru, foryou, fyp, mua, pourtoi, parati, fypage, foryoupage, tropbelle, mkp, blue, makeupinspo, girl",0
sya.skin,7433,441,Siem Reap,Cambodia,10.5K,15.0,30.4K,21.0,2022-03-18,False,"stylekorean, stylekoreanbox, skincare, stylekoreanambassador, hifu, eoa, vtcosmetics, stylekoreanstarbox, staroftheyear, glowskin, stylekoreanpartner, kbeauty, ambassadorsquad, arencia, arenciaskincare",1
sya.skin,7433,441,Siem Reap,Cambodia,10.5K,15.0,30.4K,21.0,2022-03-18,False,"stylekorean, stylekoreanbox, skincare, stylekoreanambassador, hifu, eoa, vtcosmetics, stylekoreanstarbox, staroftheyear, glowskin, stylekoreanpartner, kbeauty, ambassadorsquad, arencia, arenciaskincare",1
skincarewithbrit_,750,363,College Station,US,777,3.0,949,3.0,2023-01-15,False,"capcut, kbeauty, japaneseskincare, koreanskincare, kbeautyreview, avene, lipblam, japanesesunscreen, koreansunscreen, gopicky, japaneseskincareproducts, beautyofjoseon, shiseido, kbeautyrecommendation",0
skincarewithbrit_,750,363,College Station,US,777,3.0,949,3.0,2023-01-15,False,"capcut, kbeauty, japaneseskincare, koreanskincare, kbeautyreview, avene, lipblam, japanesesunscreen, koreansunscreen, gopicky, japaneseskincareproducts, beautyofjoseon, shiseido, kbeautyrecommendation",0
skincareuprising,667,119,Muscat,Oman,4.5K,0.0,6.1K,1.0,2021-02-26,False,"skincare, skincarereview, skincareproducts, review, recommendation, beauty, kbeauty, skincarecommunity, makeup, skincaretips, skincareaddict, skincarelover, tiktokskincare, koreanskincare, skincareblogger",0
skincareuprising,667,119,Muscat,Oman,4.5K,0.0,6.1K,1.0,2021-02-26,False,"skincare, skincarereview, skincareproducts, review, recommendation, beauty, kbeauty, skincarecommunity, makeup, skincaretips, skincareaddict, skincarelover, tiktokskincare, koreanskincare, skincareblogger",0
emileerachel,2119,4891,Jupiter,US,348,2.0,1.1K,3.0,2023-08-11,False,"benefitcosmetics, mominfluencer, stopmotion, averywoods, emiliekiser, bubbleskincare, fyp, tiktokshop, bubble, kitchenreset, edits, ttsbeautybesties, viral, creatorsearchinsights, hoolawave",1
emileerachel,2119,4891,Jupiter,US,348,2.0,1.1K,3.0,2023-08-11,False,"benefitcosmetics, mominfluencer, stopmotion, averywoods, emiliekiser, bubbleskincare, fyp, tiktokshop, bubble, kitchenreset, edits, ttsbeautybesties, viral, creatorsearchinsights, hoolawave",1
timeforrice,919,1549,Houston,US,564,1.0,538,2.0,2022-07-17,False,"koreanskincare, skincarereview, skincaretips, skincareregimen, menkoreanskincare, oilyface, pickyreview, gopicky, skincareunboxing, houstonskincare, howtoskincare, poreconcern, largepore, kbeauty, skincarehonestreveiws",1
timeforrice,919,1549,Houston,US,564,1.0,538,2.0,2022-07-17,False,"koreanskincare, skincarereview, skincaretips, skincareregimen, menkoreanskincare, oilyface, pickyreview, gopicky, skincareunboxing, houstonskincare, howtoskincare, poreconcern, largepore, kbeauty, skincarehonestreveiws",1
jhamheartsthis,2878,599,Tabaco,PH,798,10.0,8.0K,15.0,2021-09-09,False,"blush, kbeauty, fypシ?, cutemakeup, viralmakeup, blusher, purpleblush, liquidblush, houseofhur, koreanmakeup, fyppp, hur, moistampouleblusher, yesstyleinfluencers, yesstyle",0
jhamheartsthis,2878,599,Tabaco,PH,798,10.0,8.0K,15.0,2021-09-09,False,"blush, kbeauty, fypシ?, cutemakeup, viralmakeup, blusher, purpleblush, liquidblush, houseofhur, koreanmakeup, fyppp, hur, moistampouleblusher, yesstyleinfluencers, yesstyle",0
aglimpseofglow,60,82,La Habra,US,948,0.0,952,1.0,2022-12-26,False,"ugccontentcreators, skincareinfluencer, makeupinfluencer, ugccontentcreator, skincaretexture, medicube, medicubecollagenjellycream, pinkskincare, ugccommunity, ugccreator, kaine, janeiredale, prhaul, roundlab, toner",0
aglimpseofglow,60,82,La Habra,US,948,0.0,952,1.0,2022-12-26,False,"ugccontentcreators, skincareinfluencer, makeupinfluencer, ugccontentcreator, skincaretexture, medicube, medicubecollagenjellycream, pinkskincare, ugccommunity, ugccreator, kaine, janeiredale, prhaul, roundlab, toner",0
mariana.ugc,2313,1075,Green Bay,US,461,8.0,3.3K,11.0,2023-04-15,False,"gorchicunboxing, gorchichaul, gorchic, fallhaul, luxurybag, ugc, fyp, mickeymouse, skin, skincare, koreanskincare, quotes, disneyland, disney, disneyparks",0
mariana.ugc,2313,1075,Green Bay,US,461,8.0,3.3K,11.0,2023-04-15,False,"gorchicunboxing, gorchichaul, gorchic, fallhaul, luxurybag, ugc, fyp, mickeymouse, skin, skincare, koreanskincare, quotes, disneyland, disney, disneyparks",0
tashfia____,1425,360,Dhaka,Bangladesh,1.3K,3.0,3.4K,7.0,2023-11-09,False,"girly, beautytok, beauty, girlythings, makeup, girlytok, products, makeuptok, beautytips, makeuplover, viral, lippies, trending, ramadan, dhaka",1
tashfia____,1425,360,Dhaka,Bangladesh,1.3K,3.0,3.4K,7.0,2023-11-09,False,"girly, beautytok, beauty, girlythings, makeup, girlytok, products, makeuptok, beautytips, makeuplover, viral, lippies, trending, ramadan, dhaka",1
