username,median_views,median_comments,average_views,average_comments,last_video_date,verified,top_hashtags
Hikarifleurr,987,6.0,6.5K,11.0,2020-01-31,False,"nostalgia, y2k, brendasong, ad, girlygirl, plutotv, blackhistorymonth, whitechicks, blackmovies, girlythings, early2000s, disney, disneychannel, londontipton, girlyaesthetic"
Rosemarie.loves,419,9.0,617,10.0,2023-02-24,False,"tiktokshop, tiktokmademebuyit, fashion, tiktokshopfinds, kbeauty, makeup, koreanskincare, beauty, cppartner, food, skincare, clothing, heels, valentinesday, lipstick"
Thatbaileygal,,,,,2023-12-10,False,
__allaboutskincare__,311,2.0,275,3.0,2024-02-17,False,"explore, tiktok, viral, kbeauty, douyinmakeup, cbeauty, koreanskincare, coquetteaesthetic, koreanmakeup, flowerknows, flowerknowsmakeup, fyp, foryoupage, relateablepost, coquettemakeup"
_anjello,389,24.0,529,27.0,2024-01-14,False,"skincare, capcut, kbeauty, koreanskincare, skintok, korean, fyp, pichyreview, gopicky, skincareroutine, pr, cream, antiaging, koreanskincareproducts, gifted"
_arishasheikh,694,2.0,701,2.0,,False,"fypp, fypsounds, foryoupage, foryou, preppylifestyle, therapeutic, adulting, slownightroutine, doritostriangletryout, saferspace, fyppage, microinfluencer, pinterestwannabe, microcreators, trending"
_chicpick,382,16.0,2.2K,19.0,2022-12-12,False,"fyp, creatorsearchinsights, ugccontentcreator, kbeauty, skincare, skincareroutine, smallcontentcreator, koreanskincare, prpackage, prhaul, glowymakeup, kbeautyskincare, lippie, viral, skintok"
_dollylqve,2.1K,39.0,11.2K,78.0,2024-06-17,False,"fyp, kbeauty, makeup, girly, pink, viralmakeup, selfcare, plush, plushies, getahug, asmr, koreanmakeup, kbeautymakeup, lipgloss, cutesy"
_janessam,494,1.0,4.2K,3.0,2021-03-05,False,"fyp, makeuproutine, fypviral, rosein, berryblush, creamblush, baseroutine, makeup, makeuplover, beautyhacks, eyeshadow, barcelona, traveltok, lipswatch"
_just.livinggg_,648,2.0,572,2.0,2024-04-23,False,"gopicky, pickyreview, kbeauty, glowingskin, koreanskincare, skincareobsessed, skincareroutine, centellian24, picky, cleanbeauty, koreanbeauty, pickycentellian24, skincarereview, manyo, skincarecommunity"
_lilyis,114.7K,37.0,424.4K,106.0,2022-07-17,False,"kbeauty, kbeautyproducts, koreanskincaretiktok, koreanbeauty, skincareempties, koreanskincaretips, skincareforbeginners, kbeautyfinds, skincaretiktok, skincaretips, glassskin, skincareroutine, glowyskin, koreanstyles, skincareroutines"
_taniagrover,,,,,2020-12-01,False,"bharatanatyam, southasian, dance, intruder, sponsored, brandcollab, blushmarkofficial, blushmark, influencer, nyc, nyccontentcreator, greenscreen, calistatools, rutgers, unboxing"
abbyrosemaureen,875,4.0,4.6K,4.0,2021-08-11,False,"skincare, acne, skincareroutine, ad, dermaangel, dermaangelus, smartpicksforyouracne, acnepatch, invisibleacnepatch, acnecare, deepacnecare, porecare, darkspotcare, postacnecare, clearskinroutine"
abigail.ugc.creator,,,,,,False,
addicted.to.skincare,29.4K,13.0,167.4K,54.0,2023-06-21,False,"fyp, kbeauty, skincare, skintok, koreanskincare, skincaretips, skincare101, fypp, fyy, pmskincareroutine, serum, am, amskincare, anua, tiktokmademebuyit"
adriannamg12,405,4.0,1.1K,5.0,2020-09-12,False,"makeup, fyp, lipbalm, lipproducts, makeuplover, skincare, elfcosmetics, frecklemakeup, beauty, affordablemakeup, lipgloss, elflipbalm, lipstick, makeupcollection, makeupproducts"
aeht.ugc,187,0.0,1.5K,1.0,2024-04-22,False,"fyp, viral, viraltiktok, trend, viralvideo, trending, trendingvideo, iphone, iphone15pro, apple, applestore, titanium, skincare, clearskin, jskin"
aera.ugc,513,20.0,555,26.0,2025-05-09,False,"kbeauty, makeup, skincare, fyp, nyxcosmetics, blush, beauty, fentybeauty, centellaskincare, yesstyle, elf, dasique, dior, sheglamblush, haircareroutine"
aglimpseofglow,948,0.0,952,1.0,2022-12-26,False,"ugccontentcreators, skincareinfluencer, makeupinfluencer, ugccontentcreator, skincaretexture, medicube, medicubecollagenjellycream, pinkskincare, ugccommunity, ugccreator, kaine, janeiredale, prhaul, roundlab, toner"
akshayareddykontham,727,0.0,857,,2024-05-08,False,"aasakooda, recreatingoutfits, tiktok, skincareroutine, glassskincare, nomakeupmakeuplook, maybelline4in1perfector, essencemascara, minimalmakeuplook, sheindress, sheindressesforvacation, trending, sheindresses, sheinblackdresses, sheinusa"
allansgirl_,437,5.0,830,5.0,2023-01-19,False,"echinacea, echinaceacream, barriercream, recoverycream, tonertoessence, rawquest, kbeauty, glassskin, prozis, prozisusa, exceedyourself, complimentary, newmakeup, haloglow, elfcosmetics"
allbriwoo,4.8K,8.0,20.4K,14.0,,False,"blackbaldwomen, baldgirlsonly, baldbabe, skincare, amazoninfluencer, blondeandbald, skincareroutine, blackandbald, amazonprogram, amazonstorefront, amazonaffiliate, morningroutine, skincarejunkie, confidence, hairinfluencer"
almostsimplysky,403,2.0,1.3K,3.0,2024-08-23,False,"fyp, foryou, dutchbros, dutchbrospuravida, dutchbrosxpuravida, puravida, puravidabracelets, puravidaambassador, ugccreator, theerastour, theerastourseattle, seattlen1, christmas, theerastourtaylorswift, theeras"
alotta_reviews,178,1.0,390,2.0,2020-06-03,False,"skincareroutine, selfcare, skincaregoals, glowingskin, kbeauty, healthyskin, koreanskincare, sensitiveskin, skincareessentials, skincarecommunity, cleanbeauty, glowup, beautytips, beautyroutine, fyp"
amirka08,313,2.0,536,3.0,2023-09-03,False,"kbeauty, skincare, fyp, 2025, newyear, happynewyear, skincarefridge, kroutine, make, refri, minirefri, minirefrigeratorforskincare, retro, coral"
andie_sorto,540,9.0,2.3K,10.0,2021-02-18,False,"latinabeautycreator, maybellinepartner, gifted, lipstickswatches, beauty, drugstoremakeup, lipswatches, superstayteddytint, blurredlips, teddytint, tint, drugstorelippies, nyxcosmetics, nyxprofessionalmakeup, lipstain"
angelinajarboe,9.6K,86.0,393.5K,119.0,2022-11-29,False,"affordableskincare, targetskincare, greenscreen, bestskincare, bestaffordableskincare, drugstoreskinscare, christmashaul, matureskincare, christmashauls, rhode, rhodelipshape, christmashauls2024, richkidchristmashaul, deinfluencing, matureskin"
anika_kozlova,1.5K,2.0,125.2K,9.0,2023-01-29,False,"makeuphacks, eyemakeup, beautyhacks, beautyhack, eyeliner, makeuptutorial, beautyinfluencer, eyelinertutorial, makeup, eyemakeuptutorial, makeuphack, ugccreator, makeupfail, ugcbeauty, prommakeup"
annahostriakova,401,1.0,720,1.0,2023-12-18,False,"fyp, viralmakeup, rhode, makeuphack, viralskincare, glassskin, skincare, makeuphacks, cleangirl, glowskin, viral, beauty, koreanskincare, selfcareroutine"
aroundtheplanetandback,21.7K,2.0,24.5K,4.0,2022-03-22,False,"glassskin, perfumetok, fragrancereview, vtpartner, vtcosmetics, kbeauty, skincarelovers, roseparade, nettefragrance, nicheperfume, scentoftheday, fragrancelover, themakerparadiso, nichefragrance, luxuryscents"
arvika_j,,,,,,False,
auraofmahmuda,773,4.0,5.9K,7.0,2023-11-25,False,"skincare, fyp, kbeauty, skintok, skincareroutine, clearskin, acne, viral, foryou, koreanskincare, explore, beauty, skincareaddict, skincaretips, influencer"
autumnsaro,5.9K,33.0,17.4K,47.0,2022-08-11,False,"aesthetic, fyp, itgirl, pinterestinspo, morningroutine, thatgirl, danishpastel, girlythings, pinterestaesthetic, treehutpartner, treehut, treehutvanilla, rhode, whatsinmybag, emijay"
badblory,667,4.0,791,6.0,2021-01-11,False,"makeup, maquillage, foru, foryou, fyp, mua, pourtoi, parati, fypage, foryoupage, tropbelle, mkp, blue, makeupinspo, girl"
beauty__bymegs,429,17.0,485,17.0,2023-12-13,False,"aesthetic, skincare, sotd, fragrance, scentgasm, beauty, complimentary, cosrx, skincaregoals, acnetreatment, glowingskin, evenskintone, skincaretok, skincaretip, pickyreview"
beauty_viridiana_,424,0.0,574,1.0,,False,"fyp, unboxing, imjustagirl, tiktokmademebuyit, parat, contentcreator, tiktokshop, pr, makeup, parati, imajinate, happybirthday, frenchie, urbandecay, shopnow"
beautycarebydrhind,1.6K,2.0,1.9K,3.0,2023-11-02,False,"haircare, hairgrowth, hairandbeauty, beautycareproducts, beautycare, pamperyourself, dermaroller, organicproduct, staybeautiful, vitamins, proteins, naturalingredients, natureisthebest, scrub, organic"
beautycloudlove,1.4K,1.0,4.3K,2.0,2022-04-24,False,"koreanskincare, makeuplover, marioblush, makeupbymario, blush, blushtutorial, toomuchblush, asmr, lipglosses, kbeauty, makeup, makeupobsession, makeupaddict, skincareroutines, koreanskincareproducts"
beautyfanaticjenn,2.4K,1.0,2.4K,1.0,2022-09-04,False,"asmrmakeup, makeuploversunite, velvetlipstick, lipstickswatches, maccosmetics, bzzagent, bzzagentcampaign, maclipsticks, lipsticklover, maccosmeticslipstick, creamylipstick, hydratinglipstick, hydratinglipstick"
bebethssi,342,0.0,918,1.0,2020-04-17,False,"makeup, koreanbeauty, koreanskincare, foundation, cushion, basemakeup, diabetic, diabetestipo2, diabetes, diabetescheck, diabetesawareness, diabetesmellitus, diabetesmelitus, diabete, diabeticwarrior"
bel1amur,829,9.0,1.6K,12.0,2022-06-21,False,"ugccreator, teamwork, ugc, popup, beauty, rarebeauty, selenagomez, rhode, ootd, reelsinstagram, explore, explorepage, rhodeskin, commense, commensereview"
bethyful_kbeauty,367,5.0,1.0K,5.0,2020-08-21,False,"kbeauty, koreanskincare, creatorsearchinsights, skincarerecommendations, arencia, acneproneskin, creatorsearchinsight, oilyskin, cleanser, arenciacleanser, mochicleanser, arenciamochicleanser, oilyskincareroutine, cleanserrecommendation, abib"
betweendots,748,2.0,798,2.0,2020-04-16,False,"kbeauty, kskincare, 365skincare, skincareroutine, korea≈Ñskiekosmetyki, koreanskincare, kosmetyki, korejskakozmetika, productphotography, abcommunity, skinalgo, texturetuesday, ÌîºÎ∂Ä, koreancosmetic, kbeautyroutine"
blossom5113,2.5K,6.0,4.4K,9.0,,False,"kbeauty, makeup, lippies, beauty, koreanmakeup, liptint, wonyoungism, lipcombo, wonyoung, pink, clio, lipglosses, coquette, cbeauty, lipstick"
bosslady__carla,1.4K,73.0,9.6K,98.0,2021-11-30,False,"atlcontentcreator, atlcreator, contentcreator, healthcareworker, community, skincare, creatorsearchinsights, youthtothepeople, healthcare, content, dayinmylife, jeeplife, capcut, postthatcontent, beautycreator"
brendasbeautyblog_,264,1.0,294,1.0,2019-09-06,False,"fyp, foryou, parati, prgifted, skincaretiktok, foryourpage, koreanskincare, contentcreator, ugccontentcreator, kbeauty, beautytok, paratii, skincare, ugccreator, glowup"
britnorman_,2.1K,3.0,2.1K,7.0,2022-08-07,False,"beauty, makeup, toddlermom, girlmom, pregnant, skincare, pregnancy, beautytok, momsoftiktok, pregnantlife, dermablend, dermablendcanada, 2ndtrimester, 3rdtrimester, momlife"
by_ashmariee,558,9.0,663,10.0,2024-01-08,False,"fyp, selfcare, selflove, dayinthelife, selfimprovement, girlythings, minivlog, skincare, skincareroutine, justagirl, fragrance, perfumereview, nailinspo, bodycare, nailjunkie"
bythreewishes,716,1.0,23.0K,7.0,2020-10-13,False,"nyctodo, nycactivities, freenycpopup, nycfreethingstodo, nycphotobooth, photobooth, duet, dealsandsteals, makeuphacks, makeupdeals, charlottetilbury, nycshopping, woodburycommon, woodburycommonpremiumoutlets, upstateny"
carmelk1,223,2.0,223,2.0,2021-11-10,False,selfloveü•∞üòçü´∂üèæ..
celinedamji,,,,,2023-03-14,False,"fyp, arabwomen, browngirlproblems, arabcomedy, thestruggles, browngirls, beingarab, waxing, ugccommunity, ugccreator, yyzevents, torontoactivities, thingstodotoronto, torontodateideas, torontofood"
chen.ugc,580,2.0,2.1K,13.0,,False,"ugccreator, ugc, ugccontent, ugccommunity, influencer, prpackages, prpackage, pr, aesthetic, ugccontentcreator, skincare, fyp, productreview, fyppppppppppppppppppppppp, makeup"
chilibeauty1201,652,2.0,953,3.0,2024-10-07,False,"skincare, makeup, maquillaje, kbeauty, farm, gloss, aesthetic, country, selfcare, grwm, farmhome, skincareroutine, korean, showerroutine, home"
chloelouiseliveslife,1.3K,4.0,14.6K,24.0,2023-12-28,False,"superdrugpresents, superdrug, justgirlythings, superdrugpresentsevent, superdrugevent, makeupevent, primarkmakeup, primarkfinds, primarknewin, newinprimark, primarkshopping, primarkuk, homebargains, girlsgroupchat, girlygroupchat"
chloemedeiros,464,2.0,1.0K,3.0,2023-04-17,False,"makeup, beauty, fyp, firstimpression, makeuproutine, affordablemakeup, makeupreview, makeupswatches, makeuptutorials, drugstoremakeup, 2025, gymmakeup, grwmmakeup, workoutroutine, naturalmakeup"
christineeugc,1.1K,3.0,1.6K,3.0,2023-12-14,False,"ugc, foryou, kbeauty, ugccreator, koreanskincare, skincare, skintok, foryourpage, ugcexample, ugccommunity, glassskin, skincareroutine, beautytok, skincaretips, numbuzin"
cinthia_dosamples,424,9.0,780,11.0,2024-03-13,False,"creatorsearchinsights, beautycontentcreator, kbeauty, beautycommunity, ugc, skincare, newmakeup, unboxing, lipgloss, stylekorean, koreanmakeup, makeup, beauty, giftedby, stylekoreanpartner"
cla.audia,393,1.0,4.6K,6.0,2020-01-10,False,"breakup, ex, healingjourney, healingprocess, healingtiktok, tatemcrae, itsokimok, beachvibes, beach, aries, pov, kbeauty, single, gifted, bluespirulina"
clahh__,,,,,2024-01-18,False,"glassskin, skincare, skincareroutine, bestseller, clearskin, skincaretips, cleansingoil, beauty, balea, dm, doublecleansing, foamcleanser, kbeauty, koreanskincare, korean"
creativelyamanda,476,8.0,796,9.0,2025-03-02,False,"starwars, fyp, ugccreator, fypage, revengeofthesith, starwarstiktok, seasonoftheforce, ugc, starwarsoutfits, disneyworld, skincare, may4th, r2d2, hollywoodstudios, summerfridays"
crystalschob3,512,1.0,2.6K,2.0,2024-08-30,False,"fyp, healthy, happyathome, healing, godisgood, capcut, travel, fallaesthetic, fall, outfitinspo, contentcreator, girlthings, fashion, hollister, ootd"
curateandglow,378,1.0,875,1.0,2022-04-20,False,"skincare, skincareroutine, skincarerecommendations, skincarefaves, skincareproducts, glowyskin, skincarefavorites, makeup, skincaretips, skincaretiktok, skincareseries, spf, grwm, glowymakeup, fyp"
curly.qaya,788,10.0,2.3K,13.0,2022-07-06,False,"curlswithqaya, southafricancontentcreator, curlyhair, beginnercurlyhair, curlyhairbeginner, creatorsearchinsights, fyp, architecturestudent, affordablehairproducts, curlyhairstyles, plussizefashion, mrpbethenext, bestcurlyhairproducts, mrpricefashion, architecturegraduate"
d_dudley4,308,4.0,400,4.0,2022-07-19,False,"fyp, explorepage, holiday, fun, happyholidays, adventcalendar, emotionalsupportpals, plushies, cute, jointoopen, letsopenthis, toys, christmas2024, christmaslscoming, gifted"
danielaapryl,1.6K,11.0,4.0K,14.0,2020-08-16,False,"type4hair, fyp, naturalhair, shortnaturalhair, foryoupage, naturalhairstyles, washandgoroutine, washday, washandgo, scalpmassager, naturalhairdaily, curlyhairtutorial, protectivestyles, countdown, twa"
dearkisha_,428,4.0,645,5.0,2021-03-19,False,"contentcreator, explorepage, explore, fyp, beauty, content, lifestyle, blackgirlmagic, sewingtutorial, grwm, minivlog, makeup, dayinthelife, morning, viral"
dearrruzzi,699,2.0,10.0K,9.0,,False,"morningroutine, morningmotivation, wellness, motivation, 5amclub, 5ammorningroutine, productivemorning, productivemorningroutine, thatgirlroutine, thatgirlmorningroutine, thatgirl, morningvibes, skincareroutine, morningskincareroutine, fyp"
denitsab3auty,661,11.0,1.0K,12.0,2024-05-11,False,"fyp, skincare, koreanskincare, oddlysatisfying, skincareroutine, aesthetic, kbeauty, aesthetics, glassskin, contentcreator, anua, texture, glowingskin, beauty, aestheticvideos"
dreamyglowyskin,555,1.0,591,1.0,2023-01-07,False,"kbeauty, skincare, koreanskincare, skincareroutine, gopicky, skincaretips, aesthetic, soft, pickyreview, skincare101, skincareproducts, koreanmakeup, aesthetics, skincareviral, kbeautymakeup"
dyknicx,495,13.0,729,14.0,2023-09-25,False,"kbeauty, recos, foryou, oliveyoungaffiliate, beautytok, yesstyleinfluencers, makeupph, lippies, glossylips, koreanskincare, fyp, koreanmakeup, skintok, cooltone, warmtone"
edli.ugc,318,5.0,828,6.0,2024-03-08,False,"kbeauty, koreanskincare, skincare, kbeautyskincare, fyp, skincareroutine, glassskin, stylekorean, medicube, medicubeambassador, skintok, skincaretips, koreanskincareproducts, tiktokshopfinds, skin1004"
ellasolves,414,0.0,2.5K,0.0,2021-11-12,False,"ellasolves, ellaafterdark, justagirlwhosolves, greenscreen, foryou, fyp, truecrimecommunity, truecrimeobsessed, truecrimetime, crimetok, truecrimers, truecrimestory, crimetiktok, truecrimeanytime, truecrimetok"
eloise_ugc,1.0K,2.0,1.3K,2.0,2023-03-04,False,"ugcaustralia, contentcreator, ugcexample, ugcexampleaustralia, ugc, contentcalendar, contenthack, notion, contentcreation, entrepreneur, ugcexamplevideo, ugccommunity, gmail, gmailhack, emailhack"
emileerachel,348,2.0,1.1K,3.0,2023-08-11,False,"benefitcosmetics, mominfluencer, stopmotion, averywoods, emiliekiser, bubbleskincare, fyp, tiktokshop, bubble, kitchenreset, edits, ttsbeautybesties, viral, creatorsearchinsights, hoolawave"
ericaz_ugc,,,,,2024-04-21,False,"ugc, ugccommunity, fyp, ugccreator, makeup, grwm, beauty, blush, fashion, spring, fypage, ootd, elflipoil, lipgloss, lipstick"
etherealskinwithrinny,6.6K,41.0,11.8K,41.0,2023-08-18,False,"kbeauty, contentcreator, beauty, skincare, skincareroutine, ugccreator, unboxing, asmr, haul, koreanskincare, girlythings, beautytok, ugc, haultok, blackfridaydeals"
evesbeautylife,387,1.0,1.1K,3.0,2024-03-21,False,"girltherapy, ugc, grwm, beautytips, beauty, skincare, selfcareproducts, ugccreators, girlssupportinggirls, microblog, makeup, girls, girlssupportgirls, microinfluncer, makeuptherapy"
exquisiteexplorerig,675,3.0,597,5.0,2018-07-03,False,"koreanskincare, gopicky, giftedbyipsy, kbeauty, skincare, skincareblogger, pickyreview, skincareproducts, skincarejunkie, skincareaddict, skincareaddiction, skincareinfluencer, skincaregoals, skincarecommunity, skincareobsessed"
fabulous.mira.skincare,897,1.0,14.0K,2.0,2023-03-28,False,"skincare, grwm, elemisskinsider, loveelemis, naturaldeodorant, sweaty, sweatproof, deodorantviral, skincaretips, skincareblogger, botoxfreesince93, lorealistaruk, skintok, spf, heatlesscurls"
ft.angela,1.4K,2.0,1.5K,2.0,2021-04-27,False,"dailyvlog, yvr, studentlife, aritziahaul, aritzia, mcmasteruniversity, colorcustomizer, studyvlog, koreavlog, mcmasteruni, foreveryone, studywithme, yyz, dailyvlogs, fyp"
gemavm10,437,13.0,608,12.0,2021-08-13,False,"babyannouncement, babytok, latinamomsoftiktok, latinamoms, latinamom, babiesoftiktok, babybump, mamaoutfits, latinamomtok, fitcheck, fitchecks, mamabear, secondbaby, babyfever, babylove"
ggiuliarusso,,,,,,False,"perte, fyp, foryou"
glam._diaries,689,52.0,1.1K,51.0,2023-11-26,False,"kbeauty, koreanskincare, glowyskin, hydratedskin, moisturizedlips, winteressentials, fyp, mcobeauty, viralskincare, hudabeauty, lipoil, skincare, pickyreview, gopicky, lips"
glo.ssary,935,1.0,101.4K,4.0,2021-02-07,False,"lipswatch, flowerknows, asmr, lipoil, giftedbyclinique, gifted_by_clinique, asmrroutine, routine, morningroutine, grwm, kbeauty, cozyhome, seapuri, scalpcare, scalphealth"
glow.like.korea,,,,,2023-12-28,False,"skincareroutine, skincare, kbeauty, skincaretips, healthyskin, skin1004, eyecare, bakuciolbeauty, youthfulskin, beautymusthave, healthyeyes, productreview, beautycommunity, yesstyle, yesstylereview"
glowingskinmadie,863,0.0,5.7K,2.0,2023-02-27,False,"skincare, sunscreen, cruise, cruiseship, vacation, vacationsunscreen, royalcaribbean, poolside, skincaretips, sunscreenviral, glowingskin, makeup, kbeauty, benefitclubpink, skincare101"
glowinthegram,863,10.0,1.5K,12.0,2024-03-06,False,"foryou, satisfying, asmr, cute, fyp, unboxing, whatsinmybag, explore, makeup, beautyhacks, makeuptutorial, beautytips, trends, newmakeup, beauty"
glowithtay,,,,,2022-11-22,False,"fyp, makeup, skincare, haul, winners, gwrm, balmdotcom, swissmiss, glowy, alleyopp, rarebeauty, unboxing, minisopentaclaus, glossier, birthdaybalmdotcom"
glowological,329,3.0,595,3.0,2023-06-05,False,"skincareroutine, glowingskin, selfcare, glowup, skincareaddict, skincare, kbeauty, skincarecommunity, beautyroutine, healthyskin, skincarejunkie, dewyskin, radiantskin, beautyessentials, hydratedskin"
glowwithhima,458,2.0,625,2.0,2024-04-08,False,"loveshackfancy, loveshackfancybeauty, summervibes‚òÄÔ∏è, summerfragrance, girlvibes, trendin, blackfridaydeals, blackfriday, spanxpartner, blackfridaysale, leggings"
glowyyclover,,,,,2022-03-30,False,"skincare,skincareroutine, glowyyclover, lebasidllacuradellapelle, skincarecommunity, skin, skincareroutinetips, skinsta, koreanskincareproducts, dicsoverunder1k, sincareobsessed, productsthatwork, skincaretiktok, fentybeauty"
grace_forevermore_,473,7.0,619,9.0,2021-09-12,False,"kbeauty, koreanskincare, makeupinspo, glassskin, skincaregoals, makeuplovers, skincare, glowup, skincarelovers, medicube, medicubeambassador, motd, productreviewer, trending, makeup"
greyyychoi,1.4K,2.0,18.1K,12.0,2020-11-12,False,"corporategirlies, corporatelife, adayinmylife, pov, fyp, toronto, rolex, rolexwatch, datejust, watches, luxurywatches, outfitinspo, fitcheck, outfits, businesscasual"
grw.alii_,814,6.0,5.5K,7.0,2023-11-09,False,"makeupideas, grwm, makeup, beauty, lowcontrastmakeup, simplemakeup, naturalmakeup, nomakeupmakeup, glowymakeup, makeuptips"
h.annahyu,442,1.0,607,2.0,2022-12-23,False,"skincare, kbeauty, beauty, wellness, ugccreator, skinhealth, skintok, guthealth, beautytips, beautytok, koreanskincare, selfcare, grwm, fyp, ugc"
hanahdewybae,666,5.0,5.1K,6.0,,False,"sfblogger, matcha, exosome, reedleshot, koreanskincareproducts, browsonfleek, millennial, russianmanicure, beingagirl, tinnedfish, grwm, americanshorthair, sardines, sausalito, chitchat"
hannie.skin,1.5K,5.0,6.4K,6.0,2023-08-15,False,"beautyblogger, skincareroutine, skintok, skincarecommunity, glowingskin, skincareproducts, skincareblogger, asmr, skincaregirlies, xiaohongshu, makeuptutorial, makeup, douyin, trends, fyp"
happy.bluedino,913,2.0,2.5K,2.0,2024-04-11,False,"skincareroutine, glowingskin, skincareaddict, kbeauty, koreanskincare, skincareessentials, glowup, skincaregoals, skincarelover, hydratedskin, kbeautyroutine, hydrationboost, radiantskin, hydratedglow, creatorsearchinsights"
heartz4pitii,2.4K,34.0,157.8K,66.0,2023-03-10,False,"wonyoungism, selfcare, koreanskincare, glassskin, mixsoon, snailmucin, kbeautyaddict, kbeauty, skincareroutine, skintok, kbeautytok, veganskincare, mixsoonbeanessence, veganmucin, hydratedskin"
her.lifestyle.pri,475,5.0,3.2K,8.0,2021-08-14,False,"fyp, nursesoftiktok, nurse, nurselife, nepalitiktok, nursetok, funnynursevideos, viralnurse, nepalinurse, nursehumor, funnyvideos, explore, asmr, itgirl, rnbvibes"
heyitsaliquinn,454,5.0,454,5.0,2021-12-15,False,"makeupfavorites, lipproducts, drugstoremakeup, lipgloss, maybellineliftergloss, nyxmilkygloss, favoritemakeup, makeupproducts, rarebeauty, beautyfavorites, charlottetilbury, bestmakeup, makeuphaul, iliabeauty, makeup"
heyitsclarissaa,669,3.0,2.1K,6.0,2021-04-09,False,"beautytok, sunglasseshack, fashiontiktok, makeuphacks, beautyhack, dezi, fyp, beautyhacks, makeuphack, retokfornature, smallspaceliving, mydolcemoment, amazonmusthaves, amazonhomefinds, apartmentupgrades"
highimdalilah,749,6.0,1.2K,6.0,2023-03-14,False,"fyp, sephora, makeup, rarebeauty, lipcombo, refybeauty, refybrows, fypage, makeupforever, makeuptutorial, yslbeauty, fyp„Ç∑, starbucks, soldejaniero, coach"
hijabiskinfluencer,422,2.0,2.8K,3.0,2021-12-08,False,"hijabiskinfluencer, koreanskincare, koreansunscreen, kbeauty, skincarereview, sunscreenreview, nowhitecastsunscreen, chemicalsunscreen, neopharm, spf50, skincareinfluencer, sunscreenrecommendation, summeressentials, affordablesunscreen, dermabsunblock"
hola.danielaxoxo,813,4.0,978,4.0,2023-06-28,False,"skincareroutine, skincareproducts, makeuphacks, beautytips, glowyskin, affordablemakeup, holidaymakeup, mediheal, holidaygiftidea, blemishfighter, vitaglowpad, bouncyglow, tonerpads, amazonbestseller, sahm"
honest_recs,724,2.0,745,2.0,2023-11-17,False,"skincare, giftedbydrunkelephant, koreanskincare, vanleeuwenicecream, vanleeuwensweettreat, gifted, beautyofjoseon, trufru, skincarereviews, christmas, cfxdrunkelephant, complimentary, ad, kbeauty, giftedbysdj"
hushhalohue,675,6.0,809,7.0,2025-02-28,False,"aesthetic, asmr, softgirl, makeup, contentcreator, ugc, content, beauty, fyp, fashion, gettingsomewhere, summer, aestheticedits, lipoil, everyday"
ibubblii,1.2K,0.0,1.1K,,2021-10-22,False,"vspartner, vsfashionshow, nycfashionblogger, nycfashionshow, victoriassecret, icons, models, lisarockstar, tyla, cher, tyrabanks, adrianalima, viori, dimsum, shampoobars"
im.gis3lle,426,7.0,828,8.0,2023-02-16,False,"rhodeskin, fyp, rhode, peptideliptreatment, makeuplooks, tiktokban, tiktok, nofilter, nofiltermakeup, ugc, pickyreview, gopicky, pickyxdeardahlia, deardahlia, blush"
im.gis3lle,426,7.0,828,8.0,2023-02-16,False,"rhodeskin, fyp, rhode, peptideliptreatment, makeuplooks, tiktokban, tiktok, nofilter, nofiltermakeup, ugc, pickyreview, gopicky, pickyxdeardahlia, deardahlia, blush"
im.gis3lle,426,7.0,828,8.0,2023-02-16,False,"rhodeskin, fyp, rhode, peptideliptreatment, makeuplooks, tiktokban, tiktok, nofilter, nofiltermakeup, ugc, pickyreview, gopicky, pickyxdeardahlia, deardahlia, blush"
im.gis3lle,426,7.0,828,8.0,2023-02-16,False,"rhodeskin, fyp, rhode, peptideliptreatment, makeuplooks, tiktokban, tiktok, nofilter, nofiltermakeup, ugc, pickyreview, gopicky, pickyxdeardahlia, deardahlia, blush"
imjustagirl368,675,1.0,22.4K,31.0,2021-01-27,False,"sacramento, greenscreen, facebookmarketplace, severanceappletv, whitelotus, whitelotusseason3, sacramentokings, unitedhealthcare, oldnavy, summerfinds, sackings, tahoe, snowboard, kirkwood, matcha"
irisoyeon_,455,2.0,2.3K,3.0,2023-11-04,False,"medicube, ager, glowbooster, glassskin, milkyskin, pearlskin, khloedevice, kardashiandevice, jellyskin, agerboosterpro, agerboosterh, boosterpro, medicubeambassador, skincaredevice, fyp"
ishmadiaries,397,4.0,3.9K,6.0,2023-05-24,False,"beautytok, myrae, glowfromwithin, vitamine, estained, heatsypeasy, estainedheatsypeasy, heatprotectant, heatprotection, hairspray, makeup, kbeauty, makeupaddict, fyp, medicube"
its.mawii,269,0.0,468,1.0,2023-11-11,False,"koreanskincare, kbeauty, skincare, gopicky, pickyreview, centellian24, glassskin, collagenmask, sensitiveskin, collagen, toner, complimentary, thayers, thayersambassador, pickyxcentellian24"
itsbreeeva,494,4.0,858,6.0,2021-02-27,False,"fyp, contentcreator, girlssupportgirls, fashiontiktok, teamwork, stylewithme, christmastiktok, mentalhealth, mentalhealthmatters, creatorfund, cleantok, spendthedaywithme, valentinesday, valentinesfinds, loveseason"
itsfufumochii,999,25.0,4.4K,144.0,2024-11-22,False,"tiktokgrowth, tiktokgrowthtips, growingontiktok, engaging, creatorsearchinsights, couplegoals, couplestiktok, koreanmakeup, couple, coupleschallenge, dateideas, scrapbooking, koreanbeauty, pr, teamwork"
itshazeldiaries,285,0.0,402,1.0,2020-08-23,False,"ootd, outfit, grwm, makeup, grwmmakeup, skincare, grwmroutine, outfitinspo, makeuplook, maybelline, contentcreator, noheatcurls, birthday, cafe, manifestation"
itsmelissaga,3.3K,5.0,64.1K,15.0,2022-08-23,False,"patricktabeauty, patricktablush, patricktanewblush, toastedteddy, brownblush, patrickta, redblush, holidaymakeup, patricktanew, lipcombo, mauveblush, blushcomparison, cherrylips, blackcherry, rhodepocketblush"
itsomalherself,224,2.0,282,3.0,2021-08-06,False,"pickyreview, gopicky, lattafa, perfume, skincareroutine, fragrance, perfumeaddict, perfumereview, fragrancelover, khadlaj, perfumelovers, skincare, perfumecollection, skincaretips, arabianperfumes"
itsreal_lmb,1.9K,7.0,20.7K,17.0,2021-08-05,False,"fyppppppppppppppppppppppp, 5yearstogether, unboxing, ipadair5, hardworkpaysoff, selfinvested, ugccreator, ipad, ipadair, unboxingvideo, ugccommunity, fyp, beach, civagostyle, stayhydrated"
itstessjohnson,418,2.0,1.0K,3.0,2019-09-28,False,"ad, beauty, skincareroutine, skincare, glowingskin, sharespectrum, spectrumcollections, glowup, makeup, charlottetilbury, magicbeautystars, unboxing, beautymusthave, grwm, spectrumbeautysuite"
itsugcgirl,149,2.0,329,2.0,2024-07-26,False,"ugc, makemeblush, blush, musthave, makeup, ysl, yslbeauty, sunscreen, shopicons, bubbleambassador, bubbleskincare, spf40sunscreen, gifted, pickyreview, gopicky"
jamesslushie,352,1.0,7.4K,2.0,2022-11-22,False,"thehairlabambassador, kindnesskrew, waisttrainer, faja, gofrothyourself, skincare, labsquad, thehairlab, 48, soldejaniero, soldejaniero48, review, milkrx, skincarereview, fyp"
jayanne.roller,1.1K,1.0,2.2K,1.0,2024-04-11,False,"ugc, beauty, ugccreator, skincare, 30daychallenge, morningskincareroutine, unboxing, rarebeauty, southeastasianbeautycreator, rarebeautyblush, rhode, rhodeskin, glazingmilk, haileybieber, beautycreators"
jelloskinsecrets,575,17.0,854,18.0,2024-01-03,False,"koreanskincare, skincarecommunity, kbeauty, glassskin, anua, skintok, anuaambassador, skincareroutine, soothingserum, panthenol, yesstyle, kskincare, skincare, medicube, medicubeambassador"
jennasiee,9.3K,8.0,176.3K,111.0,2021-06-07,False,"valeriamarquez, traumahealing, gemini, goodluck, mexican, peruvian, help, acefamily, austinmcbroom, catherine, ragebait, spotify, festival, lameloball, antibullying"
jensnomz,1.0K,2.0,4.3K,5.0,2024-04-05,False,"foodie, eating, foodreview, dallas, korean, costco, sushi, nogatekeeping, richardsontexas, chicagodogs, cheesefries, chickenbake, lifehack, jjajangmyeon, blackbeannoodles"
jeracoolio,2.5K,9.0,21.7K,26.0,2023-12-18,False,"kbeauty, koreanmakeup, koreanskincare, koreanmakeupproducts, pinkmakeup, cushionfoundation, romand, liptint, makeup, lippiescollection, lippies, kbeautylippies, imjustagirl, makeupbag, makeupbagtour"
jessicaroseugc,318,6.0,839,7.0,,False,"skincare, unboxing, kbeauty, skincareroutine, pr, makeup, contentcreator, grwm, koreanskincare, makeuptutorial, prunboxing, coloring, colorwithme, coloringbook, stylekorean"
jf.skin24,484,20.0,561,22.0,2024-01-24,False,"jfskindiary, kbeauty, skintok, koreanskincare, skincareroutine, skincare, review, medicube, medicubeambassador, yesstyle, yesstyleinfluencers, yesstylereview, claymask, glassskin, fully"
jhamheartsthis,798,10.0,8.0K,15.0,2021-09-09,False,"blush, kbeauty, fyp„Ç∑„Çö, cutemakeup, viralmakeup, blusher, purpleblush, liquidblush, houseofhur, koreanmakeup, fyppp, hur, moistampouleblusher, yesstyleinfluencers, yesstyle"
jilliangottlieb,13.9K,23.0,525.4K,65.0,2020-08-07,False,"skincare, contactdermatitis, allergies, rosacea, patchtesting, viral, viralvideos, patchtest, dermatitis, allergicskin, comewithme, skinhealth, skincaretips, skinedu, skinallergies"
jmeans77,294,1.0,415,2.0,,False,"pickyreview, gopicky, kbeauty, gifted, vtcosmetics, ad, pickyxvtcosmetics, glassskin, centellian24, complimentary, iunik, kohlscreators, kohlspartner, kohlsfinds, glowingskin"
jocy.cs ,5.3K,6.0,1.2M,118.0,2020-08-07,False,"mixsoon, koreanskincare, glassskin, skincareroutine, skintok, tiktokmademebuyit, kbeautyaddict, koreanfacemask, mixsooncollagenmask, babyoil, hair, hairtok, softhair, hairtips, shinyhair"
joselinastyle,509,38.0,695,39.0,2024-01-01,False,"kbeauty, koreanskincare, skincare, glassskin, beauty, skincaretips, koreanbeauty, glowyskin, skincareroutine, fyp, glow, makeup, yesstyleinfluencers, yesstyle, haircare"
kat.iveth1,468,12.0,666,15.0,2022-02-15,False,"beautysponges, powderpuffs, powderpuffmakeup, makeuptiktok, kativeth, makeup, beautyblendercleaning, beautyspongewashing, howtowashbeautyblender, skincare, makeupreview, skinproud, iamskinproud, walmartfinds, top5makeup"
katysayfi,1.1K,1.0,936,1.0,2023-04-19,False,"asmr, selfcare, skincare, showerroutine, nightroutine, morningroutine, beauty, koreanskincare, cleaningmotivation, showerrroutine, selfcarenight, asmrselfcare, packwithme, kbeauty, shower"
kayskwa,3.0K,2.0,49.7K,18.0,2022-02-02,False,"movingabroad, livingabroad, internationalstudent, apartmenttour, melbourneapartment, melbournestudent, livingalonediaries, studyabroad, dininghalls, mcgilldininghall, mcgilluniversity, studentdiaries, leavinghome, travellife, dreamcity"
kbootyjenny,,,,,,,
keirrawebster,422,2.0,592,3.0,,False,"yourokcbestie, cybersecurity, techcareer, blackgirlintech, ipassed, fyp, okchairstylist, charliebrownchristmas, christmastreefail, cheaptok, cinnamonhair, strawberryblonde, oklahoma, christiantiktok, wonthedoit"
kenandmel,,,,,,False,"kenandmel, fyp, pureinstinct, pheromonperfume, vlogmas, greenscreen, torras, target, coolifair"
keytoglo,756,4.0,884,5.0,2024-03-15,False,"skincare, kbeauty, skin, fyp, morningskincareroutine, oilyskin, skincareroutine, morningroutine, koreanbeauty, makeup, skincaretiktok, skincare101, skincareviral, skintok, beauty"
kiki.dee__,,,,,2024-01-16,False,"fyp, koreanskincare, dryskintips, imfrom, imfromhoneymask, skincarereview, washoffmask, wishtrend, milkytoner, dryskincare, relateable, funny, girlproblems, trending, funnytiktok"
kimberly.cat,34.9K,100.0,211.7K,225.0,2023-04-28,False,"thingstodo, asmrsounds, pinterestaesthetic, foryou, productivity, trending, cleanwithme, cleaningmotivation, pinterestinspo, thatgirl, softgirl, sundayreset, cleaningszn, cleantok, fyp"
kimglamglow,,,,,,False,
klea.sotiri,2.4K,6.0,6.2K,7.0,2020-04-25,False,"fyp, albaniantiktok, fyp„Ç∑, fyppppppppppppppppppppppp, albaniangirl, albania, foryoupage, viralvideo, albanian, barcelona, spain, foryou, valbona, miami, versacemansion"
klymi.na,10.6K,5.0,19.9K,9.0,2023-04-16,False,"mongolia, fyp, paris, kbeauty, friends, skincare, vlog, dralthea, acnescar, wintervibes, favourites, essential, dralthea345cream, acne, troubledskin"
krisoncamera,1.1K,1.0,1.1K,2.0,2024-10-08,False,"dontoliver, hardstonepsycho, fein, ugc, ugccreator, foodugc, ugcexample, aesthetic, airbnbugc, hawaiitiktok, oahu, honolulu"
ksuuuushaxx,8.2K,4.0,767.0K,51.0,2022-01-16,False,"koreanskincare, fyp, koreanskincareroutine, glassskin, fy, trending, viral, koreanskincareproducts, kbeauty, medicube, skintok, numbuzin, skincare, wrinkelcare, purpleskincare"
laurynslocs,,,,,2023-07-03,False,"fishhooks, grwm, traderjoes, soupdumplings, tiktokfoods, blackgirlmakeup, blush, blushunderfoundation, makeuphack, 4thofjuly, july4th,beachvibes, getreadywithme,beyonce,actingchallenge"
lee.ly1012,1.3K,2.0,2.5K,6.0,2023-10-10,False,"beauty, reviewbyleely, sephora, perfume, fragrance, ultabeauty, macys, yslbeautyus, newperfume, perfumereview, smellgood, smellgoodfeelgood, dailywear, sexyperfume, gorgeous"
lexlovesmakeup,357,6.0,3.3K,7.0,2022-01-20,False,"perfume, cleanpartner, fyp, myclean, fragrance, gifted, perfumelove, fyp„Ç∑, fragrances, newinbeauty, trendingbeauty, whippedcherry, fragrancecommunity, perfumelover, ultabeauty"
liansloves,358,2.0,4.3K,5.0,2023-09-20,False,"beautyadventcalendar, canada, beauty, sephora, christmas, advent, adventcalendar, christmastiktok, christmascountdown, sephoraadventcalendar, sephorahaul, sephoragiftlist, sephorasale, yyc, alberta"
life.bynoeee,448,5.0,1.2K,8.0,2024-03-14,False,"ugccreator, ugc, makeup, microinfluencer, beauty, pr, amika, explore, makeuplover, creatorsearchinsights, prunboxing, explorepage, viralvideo, dior, parati"
life.w.lex4,588,4.0,883,5.0,2024-03-09,False,"ugc, fyp, ugccontentcreator, ugccommunity, ugccreator, contentcreator, capcut, smallcreator, ugcexample, girlytok, aesthetic, girlythings, ugccontent, lifestyle, creatorsearchinsights"
lifestylewithfatima,1.2K,5.0,25.4K,7.0,2024-01-11,False,"kbeauty, koreanskincare, skincareroutine, kbeautyroutine, glowingskin, glassskin, skincareaddict, unrecognizablemakeup, skincaretips, skincaretiktok, glowup, koreanbeauty, beautytips, healthyskin, haircareroutine"
lifewtamia,2.4K,20.0,6.4K,41.0,2023-01-21,False,"preppy, preppytok, viral, xyzabc, foryou, preppyfyp, viralvideo, preppylifestyle, grwmroutine, preppyaesthetic, viraltiktok, preppyroutine, preppyroom, relatable, fyp"
lilac__05,367,21.0,6.9K,23.0,2024-01-29,False,"creatorsearchinsights, kbeauty, koreanskincare, kmakeup, exfoliateforlip, lips, lipexfoliator, liphealth, howtoexfoliatelips, lipbalmrecommendation, frudia, amazonkorea, stoppickinglip, liquidblush, yesstylemusthaves"
lindsaymae_,800,44.0,2.3K,47.0,2023-07-29,False,"booktok, romantasy, fourthwing, fantasy, throneofglass, acotar, tog, quicksilver, ironflame, onyxstorm, books, bookrecommendations, serpentsandthewingsofnight, whethemoonhatched, lotr"
lisaameyy,787,3.0,949,4.0,2022-06-11,False,"amazonfinds, skincare, amazonmusthaves, ugc, ugccontentcreator, ootd, fyp, ugccommunity, rhodeskin, amazonfashion, grwm, amazon, rhode, skincareroutine, makeup"
looksbyhiba,366,3.0,519,3.0,2020-04-12,False,"fyp, explore, contentcreator, reels, aesthetic, videooftheday, discoverunder10k, oddlysatisfying, glowingskin, trending, explorepage, makeuptutorial, reelsinstagram, charlottetilbury, cleangirlaesthetic"
loriebelle.ugc,407,5.0,3.5K,8.0,2023-06-27,False,"kbeauty, fypage, cushionfoundation, clio, cliokillcovermeshglowcushion, skincare, koreanskincare, kbeautyskincare, fyppppppppppppppppppppppp, skin1004, imfrom, yesstyleinfluencers, toner, ricetoner, spraytoner"
louysasdiaries,2.7K,38.0,4.0K,46.0,2024-01-18,False,"girlythings, girltherapy, morningdiaries, morningroutine, pinterestaesthetic, softgirlaesthetic, pinktok, pinkmorning, pinkaesthetic, morningvlog, sundayreset, girlytok, girlyvibes, girlaesthetics, girlyaesthetic"
lovebirsu,1.2K,21.0,104.4K,34.0,2023-12-23,False,"fy, fyp, skincare, skintok, beauty, glassskin, kbeauty, brightening, selfcare, koreanglassskin, hyperpigmentation, numbuzin, glutathione, glowup, koreanskincare"
lovelyleilani.ugc,,,,,,False,
lovemisomeskin,566,2.0,8.7K,3.0,2021-05-29,False,"partipost, sp, ad, kopitiamfoodhall, watsonssg, europacespotlesspowerchallenge, wykingcookware, cooklikeapro, nonstickperformance, effortlesscooking, btodoor, lockinv3, smartlocksg, homesecuritysg, harirayapromo"
lovinglynat,662,6.0,797,9.0,2023-12-26,False,"kbeauty, lovinglynat, fyp, viral, fyp„Ç∑, skincare, yesstyle, romand, koreanskincare, clio, makeup, beauty, dasique, etude, fypage"
lukyss_09p,168,0.0,359,1.0,2023-11-23,False,"complimentary, pickyreview, gopicky, feelgoodnaked, josiemaran, @influenster, pickyxayunche, ayunche, drbio, skincare, serum, collab, skincareroutine, glasskin, fy"
luv4ikeuuu,1.7K,13.0,70.2K,40.0,2023-12-01,False,"fyp, relatable, hair, facialhair, hairygirl, ethnic, koreanskincare, abibambassador, abib, skincare, abibcrew, kbeauty, pr, skintok, microinfluencer"
maddysbeautytalk,442,4.0,757,5.0,2020-08-16,False,"meccabeauty, makeuptips, creatorsearchinsights, fyp, sephora, unboxing, newmakeup, mecca, lipblam, lipstick, makeup, viralmakeup, makeuptutorial, makeuphaul, clinique"
mariana.ugc,461,8.0,3.3K,11.0,2023-04-15,False,"gorchicunboxing, gorchichaul, gorchic, fallhaul, luxurybag, ugc, fyp, mickeymouse, skin, skincare, koreanskincare, quotes, disneyland, disney, disneyparks"
mattrandon,57.1K,32.0,264.3K,77.0,2020-06-25,False,"skincaretiktok, skincareviral, beautytutorial, beautyhack, beautyroutine, skincarehacks, beautyreview, morningroutine, grwmroutine, comedyskit, comedytiktok, comedyvideos, womenpower, womenoftiktok, womanpower"
megnugs2,1.6K,51.0,1.7K,46.0,2023-11-08,False,"kbeauty, makeup, fyp, pink, targetaudience, haul, girls, unboxing, cbeauty, viral, beauty, foryou, yesstyle, jbeauty, wonyoungism"
melii.mar_,620,4.0,1.8K,5.0,2022-09-22,False,"navidad, regalosnavide√±os, wingstop, wingstopranch, workoutroutine, nails, compras, mudanza, tendencias, regalosdenavidad, regalosorpresa, 2025, gisou, gisouhoneyglow, dise√±odeu√±asnavide√±o"
melinamujer,380,1.0,484,1.0,2020-04-26,False,"makeup, beauty, momlife, mom, mama, mommy, baby, toy, momquarantine, mua, tiktok, saveinstyle, loveshein, trend, makeupartist"
melissahemmingsley,496,3.0,4.0K,5.0,2022-01-03,False,"tatemcrae, soclosetowhat, tatemcraetour, tatemcraeedits, tatemcraeconcert, misspossessivetour, relatable, transitioninspo, transitionideas, itsokimok, funny, boyfriend, minigolf, sabrinacarpenter, shortnsweet"
melon_park,252.2K,91.0,491.0K,150.0,2020-05-02,False,"fyp, mukbang, koreanfood, food, foodie, friendsgiving, friendsgivingrecipes, thanksgiving, thanksgivingdinner, thanksgivingrecipes, eating, dancechallege, rawmarinatedcrab, rawcrab, koreanrawmarinatedcrab"
mindfulugc,394,9.0,395,10.0,2023-09-21,False,"squarepad, tonerpads, skincarestarter, glowgamechanger, glasskin, bouncyglow, ultafinds, pr, contentcreatortips, passiveincome, brandingstrategy, socialmediasuccess, ugccreator, ugcquestions, ugctips"
miralii.m,933,2.0,2.3K,2.0,2023-06-11,False,"yjhd, explorepage, minivlog, minilunch, indiavlog, desi, desifashion, winter, kurti, dayout, slowfashion, girls, pinterestfashion, dayinmylife, dayinmylifevlog"
mottaskin,879,2.0,1.2K,3.0,2022-05-03,False,"mottaskin, cerave, moisturizelikeaderm, ceravepartner, skincareroutine, skincare, oilyskin, cliniquepartner, clinique3stepreset, clinique, skincareproducts, koreanskincare, losangeles, koreanskincarelosangeles, ad"
muji_bee_nyc,,,,,,False,"nycpopup, nyc, thingstodoinnyc, beauty, laneige, nycfree, newyorkcity, thingstodonyc, mujibee, glossierfleur, freenyc, glossier, newperfume, nycvlog"
nakeziaa,623,1.0,924,1.0,2021-05-08,False,"contentcreator, contentcreation, yslloveshine, koreanskincare, fyp, relatable, kbeauty, abib, teca, motherdaughter, bestieduo, bestfriendsforever, jakartacafe, microinfluencerclub, roseskinco"
natik4s,354,4.0,517,4.0,2020-09-12,False,"ugc, ugccreator, beauty, makeup, gifted, skincare, mua, tiktokshop, ugccommunity, contentcreator, selfcare, sephora, reviewer, makeuplover, momlife"
natik4s,354,4.0,517,4.0,2020-09-12,False,"ugc, ugccreator, beauty, makeup, gifted, skincare, mua, tiktokshop, ugccommunity, contentcreator, selfcare, sephora, reviewer, makeuplover, momlife"
nattylattie,493,5.0,595,23.0,2020-05-27,False,"fypage, justagirl, outfitinspo, fyp„ÉÑ, girlsproblems, fyp„Ç∑„Çöviral, gettingready, makeuptransitions, fyp„Ç∑, makeuplooks‚ù§Ô∏è, makeupinspo, datenightoutfit, winteroutfitideas, girlproblem, makeupinspiration"
neetimathur0,675,3.0,675,3.0,2021-10-13,False,"brownskinmakeup, brownskingirl, complimentinglips, maccosmetics, havaianaslivredecliches, browngirlfriendly, dewyfoundations, drugstore, laproconcealer, beccacosmetics, undereyecircles, undereyegame, makeupreviews, pepsiapplepiechallenge, makeuptutorial"
newa_supriya,356,2.0,549,3.0,2019-11-19,False,"canoncamera, canong7x, camerag7xmarkiii, canonusa, canong7xunboxing, valentinesmakeup, fyp, valentinesday, prunboxing, latinamakeup, outfitinspo, snowstorm, capcut, makeuptrend"
nghibui_i,1.9K,2.0,12.6K,8.0,2023-09-14,False,"wakemake, squidgame2, wakemakesquidgame, sweaterweather, sweater, grwm, capcut, skin1004, kbeauty, skincare, poremizingclaymask, centellasunserum, centellatravelkit, tonebrighteningampoule, probiocicaeyecream"
nikkkaayy_,75,1.0,286,1.0,2022-08-25,True,"tiktokmakeup, tiktokbeauty, makeup, rarebeauty, rarebeautyblush, rarebeautymakeup, viralblush, rarebeautyreview, rarebeautybyselena, india, indiatravel, travelindia, indiantiktok, himalayas, ladakh"
ninislildiary,1.5K,15.0,4.5K,27.0,2023-10-21,False,"ugc, influencer, contentcreator, ugccommunity, ugccreator, explore, ugcexample, ugccontent, socialmedia, reels, fyp, relatable, trend, viral, pr"
nizvetsbeautydiaries,359,1.0,614,2.0,2021-08-28,False,"capcut, nizvetsbeautydiaries, skincare, selfcare, sunscreen, lipbalm, spfisyourbff, glowingskin, skincarelover, lipsticklover, productreview, lipgloss, sunscreensunday, nizvetsskincarediaries, lipstick"
nooni.ugc,1.3K,5.0,19.7K,20.0,2023-12-29,False,"cafereview, foodie, sacramento, sac, sacramentoeats, asianinspiredcafe, bananamatcha, doublematcha, vietnamesecoffee, sacfinds, saceats, norcal, california, cafespot, tts"
ouibutnon,695,6.0,692,6.0,2023-10-20,False,"kbeauty, koreanskincare, kpop, blackswan, fatou, nvee, gabi, sriya, catandmouse, sacramento, kpinternationalmarket, liveperformance, fanmeeting, skincare, mixsoon"
paolainatl,1.3K,46.0,1.3K,47.0,2023-05-27,False,"makeup, aesthetic, unboxingvideo, unboxing, skincare, ipad, ipadair, ipadair5, appleipad, skincareroutine, stevemadden, aestheticshoes, hermesoran, dupes, skincaretips"
pinaydora,919,3.0,1.2K,5.0,2024-01-25,False,"beautycommunity, beauty, beautycontentcreator, ugccommunity, ugc, ugccontentcreator, pr, rhode, hailey, haileybieber, contentcreator, discoverunder2k, beautytrends, beautytok, newtrend"
pinksandrosies,,,,,,False,"kbeauty, yesstyle, yesstyleinfluencers, ugccreator, ugccommunity, medicubeambassdor, medicube, koreanmodel, residentplaybook, goyounjung, goyounjung_naksu, kdrama, kdramalove"
pixelheartsbeauty,304,2.0,317,2.0,2022-03-07,False,"skincare, skincaretiktok, moisturiser, watercream, newproductalert, facecleanser, bubbles, grapefruit, texture, gifted, cleanreservehippedcherry, sweetgourmanderfume, sweetgourmand, warmandspicy, cherry"
pocketlifestyle__,539,2.0,476,4.0,2024-06-19,False,"microinfluencer, ugccreator, contentcreator, 2024, goodal, sister, heartleaf, hyaluron, reduce, inner, skin, sensitive, costco"
pretty.squirrelss,893,1.0,1.9K,2.0,2021-07-07,False,"kbeauty, koreanmakeup, tts, blush, lipcombo, tiktokmademebuyit, skincare, tiktokshop, koreanskincare, ttsfinds, tiktokshopfinds, pdrn, makeup, skincareroutine, glowingskin"
prettywrinkles,704,4.0,2.6K,5.0,2024-12-20,False,"beautyaesthetic, bathroomaesthetic, bathroomorganization, pinterestaesthetic, bathroomdesign, girlmess, bathroomdecorideas, pinterestinspired, wellnessfoodie, healthybreakfast, yogurtbowl, superfoods, healthybreakfastideas, deliciousfoods, wellnesstips"
psdiwan22,570,13.0,789,13.0,2021-06-11,False,"shein, saveinstyle, loveshein, sheinforall, hairgoals, sheinshops, shops, save, love, style, fashionbloggers, ootdstyle, sheintrends, sheinpartner, shopsmart"
quyen.la,512,1.0,798,2.0,2021-01-20,False,"fyp, butterflyeffect, butterfly, goodphil, uhfsa, goodphil2024, goodphil24, greenscreen, gp, houston, gp2024, jasontheween, college, foryou, uh"
rawanalani4,439,1.0,1.8K,3.0,2019-10-13,False,"muslimtiktok, muslim, ramdan, islamicreminder, ramdangiftsideas, ramdangift, 99namesofallahflashcards, creatorsearchinsights, 99namesofallah, makeup, hijabi, hijabifashion, hijabigirl, lipgloss, kbeauty"
razan.alani,1.8K,24.0,1.8K,25.0,2023-11-21,False,"iraqi, foryou, ilovecats, arab, fyp, syrian"
regina_ugc_,3.5K,16.0,30.3K,39.0,2024-01-06,False,"ugcvideo, ugccreator, ugcexample, productvideography, behindthescenes, ugccontentcreator, bts, whatiseewhatyousee, theprocessvstheresult, ugcusa, ugc, haircareroutine, gisou, gisouhairperfume, haircare"
renlauskin,295,1.0,315,1.0,2022-07-21,False,"kbeauty, koreanskincare, skincare, glassskin, skincareroutine, hwahae, reedleshot, centellian24, purito, numbuzin, pickyreview, gopicky, doublechin, sensitiveskin, skintok"
reviews_by_bee,513,14.0,548,16.0,2024-03-26,False,"pickyreview, gopicky, pickyxwhipped, whipped, fyp, cuteskincare, sunlit, skincare, valentinesdaygift, valentinesday2025, happyvalentine, tiktokisback, beautytok, reddiamond, viralbeauty"
rosaliebriere,827,5.0,7.4K,10.0,2020-03-30,False,"viral, trompeloeil, patisserie, tastetest, montreal, dupe, part2, quebec, stromuald, homesense, winners, trouvailles, ouverture, magasin, tour"
roselinni_,1.2K,6.0,3.9K,12.0,2023-11-26,False,"koreanskincare, fyp, kbeauty, skincare, skincareroutine, skintok, bodycare, skincare101, foryoupage, nongshim, nongshimusa, ramyun, foryou, fyp„Ç∑, fyp„Ç∑„Çöviral"
s.beauty.makeup12,923,5.0,2.3K,6.0,2021-11-06,False,"rarebeauty, blush, makeup, rarebeautyblush, rarebeautymakeup, ad, rarebeautybyselenagomez, kbeauty, skincare, lipstick, gifted, lorealmakeup, mascara, anua, loreal"
sailormina_,454,13.0,2.1K,15.0,2020-03-08,False,"kbeauty, xg, coachella, kpop, dreamacademy, katseye, makeup, cbeauty, eyeshadowpalette, douyinmakeup, creatorsearchinsights, babymonster, babymonsterworldtour, asmr, koreanskincare"
sashask1n,658,27.0,1.4K,28.0,2023-12-08,False,"kbeauty, creatorsearchinsights, skincare, koreanskincare, anua, medicube, makeup, haircare, skinfluencer, jbeauty, mixsoon, skincarereview, glassskin, yesstyle, acne"
shannenbudihardjo,493,0.0,644,0.0,2020-03-19,False,"foryou, dogsoftiktok, tiktokpuppies, puppy, petvlog, shibainu, aerierealpositivity, fyp, japantrip, tokyoarchitecture, japanesearchitecture, petlover, promlook, earthday, werkitfromhome"
shellllls_lifeeee,392,7.0,502,9.0,2021-06-22,False,"shellllls_lifeeee, dayinmylife, unboxing, dailyvlog, morningroutine, shopping, amazonfinds, amazon, skincaregoals, morningvlog, spendthedaywithme, inspiration, foodie, glowingskin, selfcare"
skin_likee,1.4K,1.0,55.7K,14.0,2023-12-28,False,"cheapperfumevsexpensive, bestperfume, fragnancetiktok, missdior, missdioreaudeparfum, fyp, rarebeauty, luxuryperfume, fragrancetok, makeupfyp, jamescharlespalette, charlesandjameslight, morphejamescharlespalette, morphexjamescharlespalette, jamespalettehighlighter"
skin_with_zee,597,7.0,883,9.0,2024-01-17,False,"skincare, skin, skincaretips, explore, ugccreator, hyperpigmentation, reels, niacinamide, sunscreen, kbeauty, skincarecommunity, reelsinstagram, koreanskincare, skincareproducts, 7daysglow"
skinbyhelen,3.2K,6.0,194.8K,12.0,2021-03-22,False,"crybaby, popmart, blindbox, scam, yttp_partner, bodycareroutine, glowyskin, showerroutine, ad, costcofinds, starbucksmatcha, lavendermatcha, biodance, costcofindscanada, hairsalontiktok"
skinbykristin,31.2K,57.0,101.0K,96.0,2020-06-29,False,"creatorsearchinsights, cleanwithme, antiaging, cleaningmotivation, antiagingtips, glowyskin, undereyebags, antiagingskincare, esthetician, estheticiantiktok, cleanwithmemotivation, musthaves, organizedhome, cleaningtiktok, greenscreen"
skincare.ninja,5.6K,5.0,183.4K,9.0,2021-04-11,False,"supplements, supplementsthatwork, chiaseedwater, digestiveenzymes, probiotic, skinhealth, guthealthtiktok, gutcleanse, 15daygutcleanse, bloatedstomach"
skincare_with_kylie,431,1.0,700,1.0,2023-10-10,False,"aesthetic, explore, fyp, fyp„Ç∑, explorepage, trending, love, contentcreator, content, explorepage‚ú®, explorepages, reels, makeup, college, life"
skincarenotes,839,5.0,2.5K,9.0,2024-08-08,False,"fyp, explore, skincarecommunity, skincare, skintok, perfumes, skincarereview, skincareroutine, spf, fraghead, healthyskin, hyperpigmentation, viralvideos, fyppp, middleeasternperfumes"
skincarepessimist,859,0.0,1.2K,,2023-06-12,False,"kbeauty, skincareroutine, skincare, spf, beautyroutine, glowingskin, beautyessentials, hydration, skincarepessimit, skincaregoals, koreanbeauty, flawlessskin, cuidadodelapiel, beautyblogger, skinprotection"
skincareuprising,4.5K,0.0,6.1K,1.0,2021-02-26,False,"skincare, skincarereview, skincareproducts, review, recommendation, beauty, kbeauty, skincarecommunity, makeup, skincaretips, skincareaddict, skincarelover, tiktokskincare, koreanskincare, skincareblogger"
skincarewithbrit_,777,3.0,949,3.0,2023-01-15,False,"capcut, kbeauty, japaneseskincare, koreanskincare, kbeautyreview, avene, lipblam, japanesesunscreen, koreansunscreen, gopicky, japaneseskincareproducts, beautyofjoseon, shiseido, kbeautyrecommendation"
skincarewithxia_,521,6.0,636,6.0,2024-03-18,False,"kbeauty, skincare, yesstyle, stylevana, koreanskincare, kskincare, skincareroutine, glassskin, serum, stylevanadiscount, anua, yesstyleinfluencers, dryskin, combinationskin, oilyskin"
skincredibles,3.0K,26.0,12.2K,39.0,2024-02-02,False,"koreanskapielegnacja, kbeauty, koreanskincare, pielegnacjatwarzy, koreanskiekosmetyki, ulubiency, korenskincare, pielegnacjaskory, yesstyle, kbeautyskincare, kosmetyki, skincaretips, koreanskincareroutine, anua, skincare"
skinhippie27,547,21.0,1.2K,27.0,2024-02-25,False,"kbeauty, koreanskincare, skincare, fyp, skincareroutine, sensitiveskin, medicube, tirtir, glassskin, stylekorean, mimumimu, pcalm, yesstyleinfluencers, porecare, centellian24"
skinwithclods,376,7.0,745,8.0,2021-10-03,False,"revgen, makeuprevolution, blush, kbeauty, koreanskincare, kbeautyskincare, lorealistaruk, lorealparis, ad, oliveyoung, loreal, stylevana, koreanmakeup, skincare, lipoil"
skinwithe1,259,22.0,351,23.0,2023-03-31,False,"skincareroutine, kbeauty, koreanskincare, skincarecommunity, skincaretips, skincareaddict, skincareproducts, skincare101, skincare, ugc, beauty, skininfluencer, skincareviral, skincaremusthave, aesthetic"
skinwithhillaryy,2.0K,3.0,22.3K,11.0,2024-10-16,False,"matcha, matchatok, brandymelville, brandy, puertorico, puertoricotiktok, businessowner, businesstok, fyp, skincare, skincareroutine, bodycare, relatable, relationship, intuitiontest"
skinwsara,,,,,2022-02-14,False,"fyp, fasttwitchcontest, grwmmakeup, makeupfavorites, makeuppicks, beautyaesthetic, lipglossaesthetic, makeupmusthaves, lipglossaddict, makeupswatches, summerfridays, lipbutterbalm, brownlipfavorites, lipbalmfavorites, skincaretiktok"
so.calmama,406,1.0,4.7K,5.0,2021-01-27,False,"sandiego, fire, santaanawinds, borderfire, wildfire, otaymountain, engaged, proposal, isaidyes, kendricklamar, food, myshayla, grandnationaltour2025, sza, kendricklamarsza"
sonuugrg_,1.3K,2.0,3.9K,3.0,2020-12-31,False,"fyp, nepalitiktok, nepal, ugc, ugccreator, fyp„Ç∑, skincare, haircare, hairtok, haircaretips, theordinary, glycolictoner, scalpcare, travel, nepali"
sophia.cathyy,,,,,,False,"christmas, christmastiktok, christmascountdown, food, weihnachtsmarkt, chirstmas2024, weihnachtsfeeling, blonde, fyp, sad, love"
sophie_bskin,534,13.0,827,14.0,2024-05-21,False,"crultyfreeskincare, veganskincare, naturalskincare, healthyskin, skincare, pr, skintok, skincare101"
srsaskin_,1.1K,19.0,2.7K,28.0,2024-02-03,False,"kbeauty, koreanskincare, teca, fyp, abib, abibholidaymoonglowbox, abib_global, holidaybox, holiday, holiday2024, beautybox, unboxing, skincarejourney, skincareroutine, kbeautyskincare"
srsdigitaldiary,,,,,2024-04-03,False,"skincare, goodmolecules, acnetreatment, acneproneskin, ugc, ugccontentcreator, ugccreator, htcxtide, turntocold"
stanskincare,180,1.0,180,2.0,2021-04-29,False,"kbeauty, skincare, trymereviewme_somebymi, skincareroutine, kbeautyskincare, suisuisharewithme, acne, cleanser, acnefighter, soothing, skin, fyp„Ç∑, calming, irritatedskin, beauty"
starfaceorganics,899,4.0,3.9K,6.0,2019-10-31,False,"lavibes, coffeeshop, placestogo, losangeleslife, coffeetalk, coffeeloversoftiktok, coffeespot, coffeetok, coffeebar, placestovisit, strawberrymatcha, coffeedate, matchalatte, coffeeshops, matchalover"
stephaniienini,392,2.0,5.4K,11.0,2019-12-22,False,"frozen2, jacketcheck, sequins, bodypositivity, beautystandards, plasticsurgery, deinfluencing, labubus, kbeauty, asianbeautyblogger, ugccreator, greenscreen, liptryon, lipproductcheck, asiancontentcreator"
strawberry_shalyn,410,20.0,561,23.0,2020-05-25,False,"capcut, makeuplovers, memecut, makeupcollection, makeupcollector, memenatal, meme, beautylovers, couplesgoals, skincarelovers, kbeauty, walmartfinds, decluttering, organizewithme, declutter"
sunscreen.addict,385,1.0,4.8K,4.0,2023-08-03,False,"cleanskinclub, deinfluencing, benandjerrys, dei, mlkday, morphecloudlight, morphecosmetics, pickyreview, gopicky, kendricklamar, superbowl, naturium, lipbalm, elfhaloglowliquidfilter, projectpan"
sunshinefairy443,,,,,,False,"greenscreen, fyp, paratiiiiiiiiiiii, textoblanco, imagespin, docencia, fyppppppppppppp, textorojo, elladijo, delarose"
sya.skin,10.5K,15.0,30.4K,21.0,2022-03-18,False,"stylekorean, stylekoreanbox, skincare, stylekoreanambassador, hifu, eoa, vtcosmetics, stylekoreanstarbox, staroftheyear, glowskin, stylekoreanpartner, kbeauty, ambassadorsquad, arencia, arenciaskincare"
sydneychriistensen,840,4.0,5.8K,12.0,2023-08-07,False,"loveonthespectrum, abbeyanddavid, loveonthespectrumseason3, californiaallstars, blackops, cheerleadingworlds, makeup, grwm, beauty, lifestyle, vlog, makeuplook, skincare, empties, emptiesreview"
sydnie_1209,461,1.0,628,2.0,2023-07-18,False,"kbeauty, koreanskincare, fyp, skincare, dailyskincare, beauty, stylekorean, koreanmakeup, ugc, glowingskin, facecare, makeup, stylekoreanambassador, dailymakeup, ugccontent"
tashfia____,1.3K,3.0,3.4K,7.0,2023-11-09,False,"girly, beautytok, beauty, girlythings, makeup, girlytok, products, makeuptok, beautytips, makeuplover, viral, lippies, trending, ramadan, dhaka"
tatgiraldi ,35.5K,21.0,66.8K,25.0,2020-12-09,False,"fyp, parati, haircareroutine, grwm, canong7x, vacation, skincare, aprilskin, hyperpigmentation, darkspot, pores, glassskin, skintok, tiktokshopnewarrivals"
tatiana.ptrnina,344,4.0,674,5.0,2021-12-01,False,"fyp, skincareviral, skincarecoreano, tonerskincare, glowing, skincare, skincareroutine, koreanskincare, makeup, medicube, kbeauty, medicubeambassador, ugccreator, makeuptutorial, glassskin"
teacuppuppycoco,15.1K,0.0,26.8K,1.0,2021-08-05,False,"provencebeautyglow, frenchskincare, snackwithfitcrunch, foodtok, healthydessert, provenceskincare, ad, snacktok, trufru, cheggcreator, smallstepsftw, grwm, sweettreat, skincare, dreampairs"
teresatpham,2.1K,3.0,40.5K,20.0,,False,"jax, 904, jacksonville, jaxfoodie, 904eats, 904happyhour, asianfood, food, holiday, christmas, christmaslights, xmas, stufftodojax, aritzia, aritziastyleadvisor"
thebeautymolecule,,,,,2021-08-22,False,"skincaretiktok, slugging, ceravehealingointment, skincarehumor, balsamicvinegar, elmobalsamicvinegar, dysonairwrap, dysonairwrapcompletelong, dysonairwraptips, dysonairwrapcomplete, vincabluerose, dyson, dysonairwrapcurls, dysonairwrapunboxing, viralmakeup"
thedikshadiary,723,1.0,1.4K,1.0,2022-09-15,False,"punjabibride, wedding, indianbride, newlywed, pehlirasoi, unboxing, ipad, asmr, asmrvideo, asmrsounds, skincare, trending, foryoupage, skincareroutine, fitcheck"
thehydratedhunny,492,1.0,1.2K,3.0,2020-05-19,False,"sezane, earcuff, earrings, earringcheck, earjewelry, jewelry, jewellery, stitch, viralfashion, fashionhacks, makeuptips, makeupswatches, makeup, skincareroutine, beautytok"
thekimedit,909,31.0,1.8K,31.0,2022-11-18,False,"kbeauty, koreanskincare, skincareroutine, skincareproducts, skincare, glowyskin, skintok, glassskin, glowingskin, healthyskin, purito, fyp, glowcream, makeup, beauty"
theonlyhaven,17.6K,8.0,134.6K,32.0,2019-12-19,False,"rlholiday, poloralphlauren, rlholidaytree, ralphlauren, lancomesg, lancomepartner, idolefragrances, idolepower, idolebylancome, lorealpromysg, galaxys25ultra, withgalaxy, inoa!, decodethepastels, inoaloverssg"
thiglossglow,399,1.0,473,2.0,2023-12-14,False,"ugc, fyp, kbeauty, grwm, contentcreator, beautytips, vietnamese, koreanskincare, skincare, beauty, review, skincarenatural, summerfridays, softgirlaesthetic, pinkaesthetic"
timeforrice,564,1.0,538,2.0,2022-07-17,False,"koreanskincare, skincarereview, skincaretips, skincareregimen, menkoreanskincare, oilyface, pickyreview, gopicky, skincareunboxing, houstonskincare, howtoskincare, poreconcern, largepore, kbeauty, skincarehonestreveiws"
tinaangelinaaa,388,2.0,2.1K,3.0,2020-01-10,False,"ugccreator, ugc, contentcreator, grwm, ugcexample, ugccontentcreator, makeuptutorial, ugccommunity, londonrecommendations, nailinspo, groceryhaul, skincareroutine, gymtok, pinterestaesthetic, vlog"
toninlanaa,698,4.0,51.3K,46.0,2024-08-12,False,"couplesoftiktok, toninlana, couplegoals, couplecomedy, couplescomedy, couplesgoals, prankwars, coupletok, thanksandgiving, coupletiktoks, couplegoals‚ù§Ô∏è, suspectchallenge, couplestok, capcut, coupleschallenge"
topnotchmarvellous,296,0.0,380,2.0,2022-03-05,False,"makeupaddict, makeupoftheday, beautyinfluencer, explore, creativemakeup, explorepage, makeuptutorial, makeupartist, makeuplovers, glammakeup, makeuptutorials, dailymakeup, instabeauty, makeupjunkie, makeuptips"
torilatise,4.6K,14.0,32.9K,60.0,2021-04-30,False,"alopecia, raleighnc, dubaichocolate, dubaichocolatelatte, oneskin, skinlongevity, scalpcare, getbacktoyourroots, oneskinpartner, betterworldfragrancehouse, summermink, fragrance, adulthood, lesinfusionsdeprada, giftedbypradabeauty"
trxlyadria,483,29.0,521,31.0,2022-02-10,False,"fyp, kbeauty, makeup, koreanmakeup, fwee, skincare, koreanskincare, viral, glossylips, trend, lipcombo, makeuptok, beauty, yesstyle, yesstyleinfluencers"
ttalgi.ellie,932,5.0,4.3K,6.0,2024-02-07,False,"fyp, support, unbox, outfits, outfitinspo, hauls, outfit, purchase, ugc, styletips, unboxingvideo, fashion, styleinspo, fashiontiktok, vibes"
turquoise.dec,117.8K,34.0,341.6K,153.0,2021-02-14,False,"yslbeauty, yslbeautysg, yslmakeup, ysltheinks"
ugc.by.iri,525,5.0,1.7K,5.0,2024-03-29,False,"ugccreator, ugc, contentcreator, ugcportfolio, ugccommunity, ugcbeginner, editing, foryoupage, ugcexample, fypage, pitching, branddeals, bephor, naturalhair, scalpbraids"
ugc.by.zainab,520,3.0,803,3.0,2023-10-27,False,"ugc, ugccommunity, ugcexample, ugcjourney, ugccontentcreator, ugctips, makeup, skincare, ponds, hydration, complimentary, abib, abibcollageneyecream, collageneyecream, wrinkles"
ugc.carla,,,,,,False,"planesbarcelona, barcelonafood, patatasfritas, lasfritas, comerenbarcelona, ugc, ugccreator, ugccontentcreator, ugccommunity, ugcjourney, ugctips, comunidadugc, skincare, ugcexample"
ugc.fer,306,4.0,491,4.0,2023-06-10,False,"ugccreator, ugc, ugcexample, ugccanada, ugccommunity, ugcportfolio, ugcvancouver, skincare, ugcbrasil, ugccreators, ugccontentcreator, ugchair, elfcosmetics, skincareroutine, canada"
ugc_adriiana,763,0.0,2.4K,1.0,2024-02-03,False,"ugc, ugccreator, ugcexample, ugccommunity, ugccontentcreator, ugcbeauty, ugcmakeupcreator, ugcmakeup, ugcmakeupexample, ugcskincare, ugcskincareexample, ugcskincareroutine, makeup, beautytips, beautyroutine"
ugc_byivanna,531,14.0,937,14.0,2024-01-25,False,"ugccommunity, grwm, moodboard, ugccontentcreator, unrecognizablemakeup, makeup, wolfiecindy, cancunmexico, castoroil, detox, castoroilbenefit, guthealth, wellnesstips, naveloiling, justagirl"
ugc_emma9,302,3.0,492,4.0,2024-02-04,False,"ugccontentcreator, collabs, yesstyleinfluencers, moroccan, kbeautymakeup, kbeautyskincare, kbeautyreview, kbeauty, moroccanugc, ·¥Ñ·¥è…¥·¥õ·¥á…¥·¥õ·¥Ñ Ä·¥á·¥Ä·¥õ·¥è Ä‚ú®, theview, restaurantlife, ainsbaa, casablancaüá≤üá¶, ugcfoodcreator"
ugc_withjessi,428,2.0,532,3.0,,False,"traveltiktok, traveltok, ugccreator, ugc, ugccontentcreator, ugccontent, ugctravelcreator, travelcouple, ugctravelvlog, ugccommunity, ugcexample, ugctravelcontent, travelcontent, ugctravel, travellife"
ugcale,,,,,2024-03-26,False,"ugccreator, ugc, ugccommunity, ugcexample, ugccontentcreator, contentcreator, ugckbeauty, ugccontent, contentcreators, calmingco, urelax, gifted, giftedbycalmingco, necessaire, ugcskincarecontent"
ugcbyjamie,1.7K,42.0,35.5K,62.0,2023-04-14,False,"ugc, ugccreator, haircare, hairtok, feelwhatsreal, herbalessences, couple, dateidea, aquariumdate, manilaoceanpark, relationship, dazzlemeph, dazzlemesunscreen, newgenerationuvfilter, sunscreenviral"
ugcwithb__,47,2.0,70,2.0,2024-03-13,False,"kbeauty, explore, medicubeambassador, fyp, glassskin, medicube, viral, viralbeauty, wonyoungsim, sephora, ulta, trending, liptint, pinkmakeup, yesstyle"
ugcwithedwina,984,2.0,1.9K,5.0,2024-01-04,False,"prpackagehaul, rimmellondon, lipbalm, sunmerfridays, ugcexample, ugcskincare"
ugcwithjag,757,0.0,809,,2024-02-11,False,"ugc,ugccreator,ugccommunity,foryou,fyp,beautyobsessed, beautyaddict, skincare, skeepers, ugcexample, freebie, beauty, makeup, aesthetic, skeepersfamily"
ugcwithkpm,842,13.0,1.9K,13.0,2023-11-19,False,"kbeauty, skintok, koreanskincare, koreanbeauty, beautytok, koreanskin, glowingskin, viralskincare, ugccreator, beautybloggers, koreanskincareproducts, skinglow, beautycreator, koreanskincareroutine"
ugcwithmeriem,344,2.0,608,2.0,2024-03-13,False,"koreanskincare, skincareroutine, fry, beauty, ugc, sensitiveskin, skincare, kbeauty, pr, foryou, sunprotection, foryoupage, ugccreator, beautyproduct, serumreview"
ugcwithsahar,475,9.0,1.1K,15.0,2024-02-09,False,"yesstyle, yesstylemorocco, yesstyleinfluencers, yesstylereview, moroccoüá≤üá¶, isntreexyesstyle, isntreexys, isntree, onion, onionnewpairgelcream, marocaineüá≤üá¶, algeria, tunisiaüáπüá≥, foryoupage, axis-y"
ugcxmichelle,448,11.0,532,12.0,2024-04-24,False,"ugcexample, ugccontent, ugccreator, usaugc, ugccommunity, petsnowy, litterbox, selfcleaninglitterbox, cat"
upasanaarora,231,2.0,223,1.0,2025-04-12,False,"spanx, spanxpartner, spanxstyle, spanxpants, pontepants, stylemepretty, prettyinblack, grwm, summervibes, summerstyle, alaska, alaskaliving, fairbanks, ak, unitedstatesofamerica"
urcreatorsophia,767,2.0,793,3.0,2022-10-17,False,"ugc, recommendations, motherhood, parenting, cooking, rec, momlife, momslife, foodcontent, momtok, ugccreator, contentcreator, baking, momsoftiktok, morningroutine"
vannahluv,519,4.0,1.4K,5.0,2022-01-14,False,"contentcreator, asiancontentcreator, outfitideasforyou, outfitoftheday, casualoutfits, styleguide, outfitsinspo, springfashion, outfitinspo, simpleoutfits, whatsavannahiswearing, casualoutfitideas, casualstyle, springclothes, neutraloutfits"
vera_kskincare,599,70.0,1.4K,74.0,2023-06-15,False,"koreanskincare, skincare, kskincare, kbeauty, capcut, skincareroutine, koreanskincareproducts, yesstyle, yesstyleinfluencers, glassskin, kskincareproducts, routine, anua, sensitiveskin, color"
vickyoffishal,1.1K,3.0,23.8K,17.0,2023-06-15,False,"kalogerassisters, ilookchopped, sundaykalogeras, imet, elianakalogeras, fyp, amossweets, gummypeelerz, candy, tiktokshopfinds, gummycandy, greeneyes, eyes, funny, gummys"
victoriahui,600,2.0,48.2K,3.0,2020-03-04,False,"pommeto, kerastase, kerastasepremiere, blowout, blowouthair, torontosalon, queenwest, ad, valentinesday, ootd, toronto, fyp, fashion, springfashion, selfiewall"
voguereview,393,7.0,3.6K,13.0,2024-04-03,False,"lipcombo, newmakeup, blush, benetint, earlyaccess, liptint, benefitcosmetics, flush, kendricklamar, jeans, flarejeans, super, superbowlhalftimeshow, halftimeshow, kendricksuperbowl"
waves_for_dayzz,11.0K,1.0,12.7K,2.0,2021-11-26,False,"cppartner, colourpopme, colourpopcosmetics, hydratingsunscreen, hyaluronicacid, moisturizingspf, glowessentials, skincaretips, guerlain, youthwateryoilserum, pamperyourskin, noyzfragrance, myrosy, intimateperfume, dearhair"
westclau_,3.1K,5.0,112.9K,22.0,2022-10-01,False,"lipproducts, glossylips, lipgloss, revlon, lipstick, viralmakeup, blackcherry, naturallips, lowcost, liplover, wintervibes, blushtrend, blush, aztk, cbeauty"
what_can_i_buy,746,0.0,1.7K,2.0,2020-05-01,False,"cvspartner, ad, cvs, cvsepicbeauty, cvsdeals, cvsepicbeautydupe, couponcommunity, beautyfinds, affordablemakeup, cppartner, cozyearth, cvsepicbebeauty, elfcosmetics, makeupdupe, colourpop"
witandarte,,,,,2022-12-12,False,"witandarte, kbeauty, koreanskincare, skincare, skintok, anua, tirtir, medicube, medicubeambassador, koreanmakeup, poreminimizer, skincareroutine, glowyskincare, kskincare, kbeautyskincare"
xevelynluu,,,,,2021-04-12,False,"foryou, fyp, fy, trending, makeup, lipgloss, gilmoregirls, musthaves, slurpeerun, amazonvirtualtryon, vancouver, trend, diorlipoil, onedegreemore, nightlife"
xo.lolaenriquez.xo,583,2.0,670,2.0,2024-04-14,False,"kbeauty, viral, heimish, allcleanbalm, cleansingbalm, heimisheyecream, marinecareeyecream, viralkbeauty, viralreels, koreanskincare, travelkit, abib, yesabib, acnejourney, abibcapsuleserum"
xo.yokov,740,7.0,3.4K,8.0,2023-04-07,False,"capcut, easysummerhairstyles, easyhairstyle, summerhairstyle, flowerclawclip, summerhairinspo, ootd, outfitcheck, outfitideas, girlactivities, presentationnight, careertok, girlsnightin, girlsnightideas, blackdress"
xokena_,463,16.0,765,20.0,2024-04-15,False,"blackgriltiktok, christmasshopping, shopping, coachpurse, coach, newpurse, gymmotiviation, gymgirlsoftiktok, gymgirl, finessjourney, 2025goals, gymtok, blackgirlgymtok, corememories, memories"
yangmediary,292,4.0,375,4.0,2020-12-29,False,"fyp, beauty, skincare, kbeauty, foryoupage, makeup, skincareroutine, aesthetic, beautycommunity, foryou, beautyblog, viral, newtrend, girly, trending"
yepmanythings,315,7.0,461,7.0,2022-12-21,False,"tiktokbeauty, aesthetic, beauty, blogger, vlog, makeup, kbeauty, kpop, beautytips, koreanskincare, skincare, newtiktok, skincareroutine, healthyskin, tiktokmakeup"
yt.jichelleirish,317,2.0,650,3.0,2023-02-24,False,"fyp, fypage, provincelife, quezonprovince, ytjichelleirish, jinroph, hitejinroph, lifewithoutatrendingaudio, trend, foryou, tiktokviral, episode1, lifeintheprovince, slowliving, vlogseries"
yunalome,4.8K,7.0,17.2K,17.0,2021-11-18,False,"haircut, parents, korean, canadian, bob, greenscreen, greiving, love, creativeinspiration, dailyvlog, landscape, journeyoflife, comfortfood, greifjourney, vlogtiktok"
zahraxbeauty,576,7.0,21.8K,9.0,2023-01-09,False,"creatorsearchinsights, fyp, skincareroutine, makeup, beautytok, makeupforbrownskin, skincaretips, lipcombo, makeuptok, makeupforbeginners, skincare, fallmakeup, transferproof, transferprooflipstick, trendinglipstick"
zhala.beauty,884,9.0,5.7K,10.0,2023-07-26,False,"bodyglow, bodyoil, bodyoils, makeup, axisypartner, makeupinspo, koreanskincare, kbeautyskincare, ootd, outfitinspo, sunscreen, blush, glassskin, datenightootd, longhair"
zoe.aesthetic.grw,677,1.0,2.3K,3.0,2024-06-16,False,"soldejaniero, sephora, summerscent, relatable, stitch, fypage, summer, skincare, starbucks, summervibes, pool, influencer, dream, prpackage, thingsilove"
zwonylen,5.2K,34.0,46.5K,186.0,2023-11-11,False,"wonyoungism, pinkskincare, morningvlog, kbeauty, koreanskincare, pink, pinkcore, morninginmylife, kawaii, pinkkbeauty, wonyoungismvlog, nightroutine, koreanmakeup, pinkmakeup, pinkoutfit"
